plaintext,ciphertext
d14f6ca78feedb9a,d22dbda7ca42d2d7
d14f6ca78feedb99,dc66fd82de063d5f
d14f6ca78feedb98,b805250d97c97b08
d14f6ca78feedb97,5e232db98eccf762
d14f6ca78feedb96,a733ec402b68f0e3
d14f6ca78feedb95,80bc637353fa6b0d
d14f6ca78feedb94,e096ddabcc1f49de
d14f6ca78feedb93,540660806f8dd0b2
d14f6ca78feedb92,52bd32ac2bb93a6b
d14f6ca78feedb91,6e06c915410b4673
d14f6ca78feedb90,4049265c72b6e97c
d14f6ca78feedb8f,783604562e029488
d14f6ca78feedb8e,a31cf8a5ead4af80
d14f6ca78feedb8d,592e997ed6caa83e
d14f6ca78feedb8c,00773fe4bcc3b5f8
d14f6ca78feedb8b,884c00522af26203
d14f6ca78feedb8a,7769bab16993aa23
d14f6ca78feedb89,0b06d2bddd1e08b4
d14f6ca78feedb88,8fd93c7b61f9b6be
d14f6ca78feedb87,d2ed936b76f18304
d14f6ca78feedb86,8a59905f2545906f
d14f6ca78feedb85,a8abc8a040edf4fd
d14f6ca78feedb84,fa338b5c95ce2152
d14f6ca78feedb83,232040053e9dbb5f
d14f6ca78feedb82,0194ec3674f0a24f
d14f6ca78feedb81,33b6a09033de39e1
d14f6ca78feedb80,620b2ea0272fdb94
d14f6ca78feedb7f,caf96202b8d02a0f
d14f6ca78feedb7e,95fe5475823607cb
d14f6ca78feedb7d,0aa99a81dc4e29f3
d14f6ca78feedb7c,0f4f8a9a82fbdbc1
d14f6ca78feedb7b,2d914131786eddb8
d14f6ca78feedb7a,197ba79feb852e32
d14f6ca78feedb79,91e9c810ad9fc273
d14f6ca78feedb78,af3e4bcf52556335
d14f6ca78feedb77,6bfdcf7341c1fd28
d14f6ca78feedb76,7a25f232416eaa2e
d14f6ca78feedb75,1338ea713eb57c88
d14f6ca78feedb74,81bf5ead0367695b
d14f6ca78feedb73,a2cc8a7b002063ce
d14f6ca78feedb72,a4822359be688a52
d14f6ca78feedb71,39a8ee68e7898870
d14f6ca78feedb70,c3ce2d4527e9a0c5
d14f6ca78feedb6f,028228b38848d29b
d14f6ca78feedb6e,09015839325cdbd1
d14f6ca78feedb6d,de9556c913af853f
d14f6ca78feedb6c,7c47deebc38f8be6
d14f6ca78feedb6b,8b2defeb54cb9464
d14f6ca78feedb6a,2180ce69af0236c6
d14f6ca78feedb69,f017098e60e47e67
d14f6ca78feedb68,0ac55873608b22ca
d14f6ca78feedb67,99252b157695553d
d14f6ca78feedb66,763a2211dbf3505a
d14f6ca78feedb65,e2a23270094927d5
d14f6ca78feedb64,b54e1c465f3a0d8b
d14f6ca78feedb63,8feab56b12cd9672
d14f6ca78feedb62,90b57798a7a78881
d14f6ca78feedb61,3eae7997dc3eec19
d14f6ca78feedb60,c19f677e196e14f6
d14f6ca78feedb5f,48f907488d871a53
d14f6ca78feedb5e,7c5834c859feeb69
d14f6ca78feedb5d,1838e140c4f54ffa
d14f6ca78feedb5c,5e5008031d9171c8
d14f6ca78feedb5b,6d2b75528db92fde
d14f6ca78feedb5a,375f0dac63ed5acd
d14f6ca78feedb59,f6697ca38f7f7812
d14f6ca78feedb58,6f1c0800e8b89c26
d14f6ca78feedb57,6f4042e7c71d1540
d14f6ca78feedb56,0cb3a7773cae7735
d14f6ca78feedb55,13a74cc52c4a8781
d14f6ca78feedb54,057130bf4bc961da
d14f6ca78feedb53,cd60b147271f3d55
d14f6ca78feedb52,ccfa19cfa9def29f
d14f6ca78feedb51,478251ea07b4ff5d
d14f6ca78feedb50,98363dacc106e7d4
d14f6ca78feedb4f,e8e4fae0d1349360
d14f6ca78feedb4e,653fe05b16be69cf
d14f6ca78feedb4d,5caf9d4718cf2e93
d14f6ca78feedb4c,f29ae096677343d6
d14f6ca78feedb4b,fcca410de0cdcc0b
d14f6ca78feedb4a,c301a277820cf022
d14f6ca78feedb49,966584ce0e6263e4
d14f6ca78feedb48,e2a88bfcffbcb3e6
d14f6ca78feedb47,14c3047b29022fe8
d14f6ca78feedb46,bbbe6d66a9425562
d14f6ca78feedb45,64d7d547bce12386
d14f6ca78feedb44,d3f7c37452c2e9e2
d14f6ca78feedb43,fa33c94f141ac4de
d14f6ca78feedb42,c969582f4d6eb078
d14f6ca78feedb41,0855c86b15779ea5
d14f6ca78feedb40,900e44bf858a2d64
d14f6ca78feedb3f,08c10901a5bbd569
d14f6ca78feedb3e,ffa5b609cbea6e4d
d14f6ca78feedb3d,c91da075425da5d2
d14f6ca78feedb3c,fb1bd6d246e08bfe
d14f6ca78feedb3b,bec3d3ee1beb26c7
d14f6ca78feedb3a,c829a889086ea7cb
d14f6ca78feedb39,630ce2b2323ac028
d14f6ca78feedb38,e5728a5e620c6e7f
d14f6ca78feedb37,644a8387e5e47b4c
d14f6ca78feedb36,2be353dd765e0269
d14f6ca78feedb35,b13ba2cb39c3a30e
d14f6ca78feedb34,b782f57a18753170
d14f6ca78feedb33,e20bf424c5afaa82
d14f6ca78feedb32,8975717e971b8662
d14f6ca78feedb31,ca4207606cedcff8
d14f6ca78feedb30,d06692d6cca04e69
d14f6ca78feedb2f,cc7576ba0fd4b595
d14f6ca78feedb2e,6cffa7191e8382e1
d14f6ca78feedb2d,a7aecceff679985b
d14f6ca78feedb2c,06ebfb05e6e172b4
d14f6ca78feedb2b,8422659dcbfdb69e
d14f6ca78feedb2a,434822019dbae335
d14f6ca78feedb29,e9768afae2b5a69e
d14f6ca78feedb28,36b0b023e84f30f9
d14f6ca78feedb27,59d5eb08e1b63c14
d14f6ca78feedb26,2321c8f79dcf2f7c
d14f6ca78feedb25,40b1e009495b51ed
d14f6ca78feedb24,ef36baa8284c6b46
d14f6ca78feedb23,bc5ccb1de65739de
d14f6ca78feedb22,04f590ac2ad06c9c
d14f6ca78feedb21,f25000b39270ef90
d14f6ca78feedb20,57038aa9625ab4d2
d14f6ca78feedb1f,8d2f9dd6d8b0a444
d14f6ca78feedb1e,d5ccbc1215ba8fb3
d14f6ca78feedb1d,abd3c9b4fd9bb667
d14f6ca78feedb1c,e7417f780c85b2f8
d14f6ca78feedb1b,f0e45755b61b5dc5
d14f6ca78feedb1a,30bbc895029f3054
d14f6ca78feedb19,4811e1ce05671ec4
d14f6ca78feedb18,84d6021cb8d6ca3e
d14f6ca78feedb17,efe9a76c25aaa945
d14f6ca78feedb16,b9c9064532bd2828
d14f6ca78feedb15,8cce5326d4fea40d
d14f6ca78feedb14,356a466529da95f4
d14f6ca78feedb13,1ab4520ade78e869
d14f6ca78feedb12,9be0b22bf9f8daf4
d14f6ca78feedb11,f343b016e123feea
d14f6ca78feedb10,739b2eaed53f5f84
d14f6ca78feedb0f,d4366a631583ac20
d14f6ca78feedb0e,53699e24cacc10dd
d14f6ca78feedb0d,daeb2890a287fc7f
d14f6ca78feedb0c,f4e4a46119faeb7a
d14f6ca78feedb0b,efd4fb3c8b250ac2
d14f6ca78feedb0a,4b3cfda85e0a3892
d14f6ca78feedb09,dd9f5df569bba2b1
d14f6ca78feedb08,72eeabf70791f8a6
d14f6ca78feedb07,11b2cc7e35284a5c
d14f6ca78feedb06,7cf2aead56da9700
d14f6ca78feedb05,e98c35f07f5f1ba6
d14f6ca78feedb04,6d820c6a6f6eff36
d14f6ca78feedb03,b1fc532151ffa74b
d14f6ca78feedb02,8efa726073ec5792
d14f6ca78feedb01,0fefb8d6e2777755
d14f6ca78feedb00,85ba1522467f518e
d14f6ca78feedaff,fb0befa75ee60aef
d14f6ca78feedafe,6d1740b264057238
d14f6ca78feedafd,2aa2f95d01f4e2fb
d14f6ca78feedafc,f9739192e71403d4
d14f6ca78feedafb,c9327b9972752a96
d14f6ca78feedafa,ccd0a22d29bc8ee4
d14f6ca78feedaf9,09ee5c8729ffc788
d14f6ca78feedaf8,3775fe05c6481a61
d14f6ca78feedaf7,1d14fd9240b88df5
d14f6ca78feedaf6,6b6892b13e073c34
d14f6ca78feedaf5,31df73b4d623da06
d14f6ca78feedaf4,847657d153c1528d
d14f6ca78feedaf3,a1903415b4722bff
d14f6ca78feedaf2,c9f06c6bac3f9e0e
d14f6ca78feedaf1,ffe96507d0c5f884
d14f6ca78feedaf0,3ea88db6b390bd9e
d14f6ca78feedaef,b8e44503be9bee1b
d14f6ca78feedaee,3df49f66b7d35daf
d14f6ca78feedaed,413405619fcefbbc
d14f6ca78feedaec,edef9f688e5badaa
d14f6ca78feedaeb,115593c882fafe10
d14f6ca78feedaea,962f6c4637d9abe0
d14f6ca78feedae9,9f7eeec6180ceb13
d14f6ca78feedae8,6fd3d22f3e7f3faa
d14f6ca78feedae7,ca3e26f89b9d9cdb
d14f6ca78feedae6,e5f780735020147d
d14f6ca78feedae5,13deaa93c7325159
d14f6ca78feedae4,0ef47f91ffc942de
d14f6ca78feedae3,20a590d730409c76
d14f6ca78feedae2,e940c70bd9f84a47
d14f6ca78feedae1,1e883613903c79c8
d14f6ca78feedae0,4c4849550b4a5b73
d14f6ca78feedadf,a5a3c096616eea3e
d14f6ca78feedade,57da7fdc6eb5591d
d14f6ca78feedadd,d3076190704f5dc6
d14f6ca78feedadc,21c4d3b201431fb3
d14f6ca78feedadb,3901e5b132b0c06e
d14f6ca78feedada,e690557432fa2213
d14f6ca78feedad9,51f23a9b4e3099cd
d14f6ca78feedad8,ec5400eae1f72675
d14f6ca78feedad7,05e4f824a5a9a214
d14f6ca78feedad6,0c9ab1fc24898c49
d14f6ca78feedad5,df818ad8692cebbb
d14f6ca78feedad4,bfda537327c6084e
d14f6ca78feedad3,e52a550ed765d224
d14f6ca78feedad2,3407b715a6423f17
d14f6ca78feedad1,977960b05791a9d4
d14f6ca78feedad0,c4ea4e05700d82eb
d14f6ca78feedacf,93d380e0d113d484
d14f6ca78feedace,2ce355e6c4573678
d14f6ca78feedacd,623e54079d606bf2
d14f6ca78feedacc,5b74bdb637169a67
d14f6ca78feedacb,9d5b8325b2c0fea6
d14f6ca78feedaca,e6ca2d0232b980cf
d14f6ca78feedac9,f7fcadd1826903c4
d14f6ca78feedac8,3426ea61b0cb5f2a
d14f6ca78feedac7,814a17be144e03ed
d14f6ca78feedac6,84314524e8348b95
d14f6ca78feedac5,09f9e674737b7e85
d14f6ca78feedac4,795d3c626bbf16a7
d14f6ca78feedac3,dff530c8e461365b
d14f6ca78feedac2,a1ee8916d8c39592
d14f6ca78feedac1,ec6a8ef929f99cb5
d14f6ca78feedac0,10ebe186a231b056
d14f6ca78feedabf,2a962a5c3f595253
d14f6ca78feedabe,24b8e6acad236ddc
d14f6ca78feedabd,01b634faf80b18e3
d14f6ca78feedabc,c9153fe2fbe17502
d14f6ca78feedabb,1f3a27e933f36984
d14f6ca78feedaba,3d889f5868dffd01
d14f6ca78feedab9,8f78c3620767240c
d14f6ca78feedab8,bcff776e73dc8dde
d14f6ca78feedab7,8e1f0d6c341a9c2f
d14f6ca78feedab6,ad9da58275b047de
d14f6ca78feedab5,679c098cb4a65d93
d14f6ca78feedab4,7b006f98ad6e55cf
d14f6ca78feedab3,90f0df6fbf0c1469
d14f6ca78feedab2,9b1baedcee63130b
d14f6ca78feedab1,e0181b33209f0b7b
d14f6ca78feedab0,55e7ecd942c19279
d14f6ca78feedaaf,a3a61a54443783ae
d14f6ca78feedaae,e8b3cc3d6480d397
d14f6ca78feedaad,65aa9eb2c7eb9cae
d14f6ca78feedaac,ef7aa13cf400f114
d14f6ca78feedaab,59bdfb798cec5345
d14f6ca78feedaaa,2ffd00c946ed54cc
d14f6ca78feedaa9,573099beeff3f2a3
d14f6ca78feedaa8,a8dc8a353dc2e395
d14f6ca78feedaa7,d36c521c27847fff
d14f6ca78feedaa6,6a55875ddc015df1
d14f6ca78feedaa5,41477c10102519e2
d14f6ca78feedaa4,7ba07b8cbaba8cea
d14f6ca78feedaa3,4ac9dc74de309191
d14f6ca78feedaa2,4cbf6057402d0b16
d14f6ca78feedaa1,00ee8fe9644f745e
d14f6ca78feedaa0,9cdf1310c7e9e621
d14f6ca78feeda9f,3ad0a181377199c5
d14f6ca78feeda9e,17d38b8848594d6a
d14f6ca78feeda9d,3ed353372e87a3e6
d14f6ca78feeda9c,426e59046506f17c
d14f6ca78feeda9b,5ce645cf1e1339d4
d14f6ca78feeda9a,c283e208263122e5
d14f6ca78feeda99,af0b33112cf9fa62
d14f6ca78feeda98,7e25568c3840f6ef
d14f6ca78feeda97,d2de5792bc2ead32
d14f6ca78feeda96,9f295da1f9ee96df
d14f6ca78feeda95,f6461c9485c766f1
d14f6ca78feeda94,f4fdc264cef2abed
d14f6ca78feeda93,94ecaf9767200b6f
d14f6ca78feeda92,0168f375e76e29f7
d14f6ca78feeda91,e998f31488d7cf0b
d14f6ca78feeda90,47cc50b36149c32a
d14f6ca78feeda8f,efa34d90d28cdfab
d14f6ca78feeda8e,c4d85ff691b42bed
d14f6ca78feeda8d,738c3eb4e72a2922
d14f6ca78feeda8c,29752acd2b6575fb
d14f6ca78feeda8b,36eae86fcb3e8a67
d14f6ca78feeda8a,898c1086560c3db0
d14f6ca78feeda89,f6f3e0657fd9f77e
d14f6ca78feeda88,ce1f25789ae51bd3
d14f6ca78feeda87,1f5b5b93315ac73e
d14f6ca78feeda86,92775a9aeff8ea0c
d14f6ca78feeda85,b304698012f1bd4c
d14f6ca78feeda84,e41c77ff506ea02f
d14f6ca78feeda83,d85fec9520cfaaaf
d14f6ca78feeda82,c7aa9d6485fa78f7
d14f6ca78feeda81,dfc1fe385b8f336b
d14f6ca78feeda80,4591dc851c162adc
d14f6ca78feeda7f,f39f7314c434d83a
d14f6ca78feeda7e,feaeaa0c229ef63b
d14f6ca78feeda7d,e08f9f4763d20dbc
d14f6ca78feeda7c,8f47915ed4d06f64
d14f6ca78feeda7b,21213716499dbf0f
d14f6ca78feeda7a,71bf9fb21e205b90
d14f6ca78feeda79,48a95e2faed25281
d14f6ca78feeda78,7b8d18339f4d07d8
d14f6ca78feeda77,8dd2fa299ad244f1
d14f6ca78feeda76,901b52bea604df93
d14f6ca78feeda75,63ba6c63d2eb1db9
d14f6ca78feeda74,fafb52e55f5d5e31
d14f6ca78feeda73,173302b6eeac8ead
d14f6ca78feeda72,b2a90843fbe86f9b
d14f6ca78feeda71,3ee9b11184a9bc94
d14f6ca78feeda70,89ed782363bf7a42
d14f6ca78feeda6f,01e6e1194647c8c6
d14f6ca78feeda6e,682a4b1ea0d1eb04
d14f6ca78feeda6d,4af4926fed9891c1
d14f6ca78feeda6c,2143bb994f1e905d
d14f6ca78feeda6b,83609ddd3d5fb0d9
d14f6ca78feeda6a,c402ba2c3baf99fa
d14f6ca78feeda69,d31aef9652495cdd
d14f6ca78feeda68,9b500125bb5a1c84
d14f6ca78feeda67,066311b5f0be323d
d14f6ca78feeda66,cdcc34e28cf6b2dc
d14f6ca78feeda65,cb3b667d14436c9a
d14f6ca78feeda64,6ac18df996c66015
d14f6ca78feeda63,4980e14671a9be16
d14f6ca78feeda62,3678545c50b13f96
d14f6ca78feeda61,c68c3f88ea5fbf33
d14f6ca78feeda60,7d0e8594481beb41
d14f6ca78feeda5f,9b5b9ba2f711de22
d14f6ca78feeda5e,2580c266164abeb3
d14f6ca78feeda5d,66d00b13297d5a45
d14f6ca78feeda5c,2c17053f4e5c8d64
d14f6ca78feeda5b,1ee0a63f5ed6b08a
d14f6ca78feeda5a,05be83139943238e
d14f6ca78feeda59,6b0c4b29923b8ef7
d14f6ca78feeda58,579e47a6e9fd5ce5
d14f6ca78feeda57,9d52405ec0dd3698
d14f6ca78feeda56,ce54419c03d8e238
d14f6ca78feeda55,7bbb3e8e72c29115
d14f6ca78feeda54,27d444ae178e2288
d14f6ca78feeda53,ffc0c5c6052e69c6
d14f6ca78feeda52,fca6434cf14fdb7e
d14f6ca78feeda51,f8bde39ed36254f3
d14f6ca78feeda50,7d46313595494525
d14f6ca78feeda4f,4314740ac701e569
d14f6ca78feeda4e,ad3be48fc08cb8c5
d14f6ca78feeda4d,f2fb3d209112a3fe
d14f6ca78feeda4c,546dbe9df741b15c
d14f6ca78feeda4b,80f3a631e1f673ce
d14f6ca78feeda4a,701cf188cbd26f87
d14f6ca78feeda49,f4b0cd08ee6ba4ce
d14f6ca78feeda48,396a0c1f0a5ff4a6
d14f6ca78feeda47,0841fff7ed02509e
d14f6ca78feeda46,5baec6c4deb870bc
d14f6ca78feeda45,952e268939de083d
d14f6ca78feeda44,5908b71f1d9b714c
d14f6ca78feeda43,b714ca7a8e2a8b10
d14f6ca78feeda42,9e46a211298c6a2a
d14f6ca78feeda41,6227d1e729bb9745
d14f6ca78feeda40,cd467134663e3a13
d14f6ca78feeda3f,8bb57c3408973c32
d14f6ca78feeda3e,92d058c6994e0c44
d14f6ca78feeda3d,219d17d94e12ed39
d14f6ca78feeda3c,f0fccb363187c84d
d14f6ca78feeda3b,befe869b42d1e7de
d14f6ca78feeda3a,d7cb7d84a5630d22
d14f6ca78feeda39,4a1b7d792cd537f9
d14f6ca78feeda38,44e1e2acc231940e
d14f6ca78feeda37,ba56fb3f4272a523
d14f6ca78feeda36,1ff3462b906f6eb4
d14f6ca78feeda35,83bb517a901ea3b2
d14f6ca78feeda34,40555f9a8023c8c0
d14f6ca78feeda33,5c819201c154c437
d14f6ca78feeda32,5c9c131132cdad87
d14f6ca78feeda31,b03feec0421660c7
d14f6ca78feeda30,58f71d1f32f83c83
d14f6ca78feeda2f,d38aabf6588eaa41
d14f6ca78feeda2e,320018b40f5ace3b
d14f6ca78feeda2d,24c2be7153a5905c
d14f6ca78feeda2c,7331d43a2f521ce1
d14f6ca78feeda2b,03473ea968afe466
d14f6ca78feeda2a,259ce6fe8fd8ee95
d14f6ca78feeda29,9f8b79b04068c43d
d14f6ca78feeda28,986984f008f8d306
d14f6ca78feeda27,236b9c77bb066ff8
d14f6ca78feeda26,8b2a3e6a93f6acec
d14f6ca78feeda25,b398659ed46832e2
d14f6ca78feeda24,07f3549c7b09f89b
d14f6ca78feeda23,c72d5ac68f8e33c2
d14f6ca78feeda22,161c7c1670d1cbc9
d14f6ca78feeda21,a60d41a71b4bd367
d14f6ca78feeda20,fee456756bd0fcfd
d14f6ca78feeda1f,328e50de0ff618f7
d14f6ca78feeda1e,674bd6f57f463a0a
d14f6ca78feeda1d,393361c600abd041
d14f6ca78feeda1c,d1532bf02755b1c2
d14f6ca78feeda1b,68cd9e66a1b5819a
d14f6ca78feeda1a,72c3b773670bac6b
d14f6ca78feeda19,3273906087e0eaab
d14f6ca78feeda18,e899760d8f02d138
d14f6ca78feeda17,e7ecbe5cc1413687
d14f6ca78feeda16,f8b8c30cc9e20f02
d14f6ca78feeda15,4bb4be546302c2df
d14f6ca78feeda14,5b36d0354e33b5e7
d14f6ca78feeda13,51cbe1a393054dd3
d14f6ca78feeda12,1cfdceb9c0ecada2
d14f6ca78feeda11,366db6aa72a319ea
d14f6ca78feeda10,539ddd77e1bd1e20
d14f6ca78feeda0f,fe8bf4e472c2a697
d14f6ca78feeda0e,a2f37bb6c35fdebb
d14f6ca78feeda0d,054aabd7b53d85a3
d14f6ca78feeda0c,6c7460ee64b858ca
d14f6ca78feeda0b,e251fcb118490ddd
d14f6ca78feeda0a,389ba44c7619d798
d14f6ca78feeda09,85316b3449f6e9b0
d14f6ca78feeda08,6bbc03399eb16418
d14f6ca78feeda07,8b5352965faca3a9
d14f6ca78feeda06,5cb5b6c2be706ecc
d14f6ca78feeda05,0404e1988350fe52
d14f6ca78feeda04,68e7d5fd75e7b45f
d14f6ca78feeda03,8ccccdd36b8981cc
d14f6ca78feeda02,33be632158ba68a8
d14f6ca78feeda01,53400931b498ff2d
d14f6ca78feeda00,ebcc268b07f9ab33
d14f6ca78feed9ff,52307a5badb91a0c
d14f6ca78feed9fe,f0885fa550c3e5f0
d14f6ca78feed9fd,7a60efcbe1b54a2e
d14f6ca78feed9fc,d61fde9ae0791c7b
d14f6ca78feed9fb,f9fd18f5636185b5
d14f6ca78feed9fa,6b811d04a7d852e4
d14f6ca78feed9f9,996caf8b1924dfb2
d14f6ca78feed9f8,6be5c08dc190d652
d14f6ca78feed9f7,71441233562868a5
d14f6ca78feed9f6,ad4ab7fe802c69fa
d14f6ca78feed9f5,a440738bc2b92c42
d14f6ca78feed9f4,96fcd69e3f24de31
d14f6ca78feed9f3,ded693009c76c37e
d14f6ca78feed9f2,ca3c241acfcfe133
d14f6ca78feed9f1,0eef8dc24a775db1
d14f6ca78feed9f0,95099338e1d37f5d
d14f6ca78feed9ef,4e1937b419cd7014
d14f6ca78feed9ee,16b1f6429750a2bf
d14f6ca78feed9ed,2f552f350846e4a9
d14f6ca78feed9ec,e874a9392e87374d
d14f6ca78feed9eb,2a8485034265a695
d14f6ca78feed9ea,be674c47fdb0722b
d14f6ca78feed9e9,11a4f8b1404db24b
d14f6ca78feed9e8,73c6a0416edb071c
d14f6ca78feed9e7,18a3b93d1a75e52c
d14f6ca78feed9e6,9ed2c31f87437d9e
d14f6ca78feed9e5,5fb930cc77c611d5
d14f6ca78feed9e4,4030bfe4d8ca4cc1
d14f6ca78feed9e3,d8f345345660c682
d14f6ca78feed9e2,f857bc8fea33b7a8
d14f6ca78feed9e1,7e6f08af519f8759
d14f6ca78feed9e0,d0e3ec24c90027f9
d14f6ca78feed9df,c93d425802eaa491
d14f6ca78feed9de,d84b1e36579fd367
d14f6ca78feed9dd,75d81181586ceaf7
d14f6ca78feed9dc,58253e4542388650
d14f6ca78feed9db,b271275c3672fcf7
d14f6ca78feed9da,ab4b51883e201d82
d14f6ca78feed9d9,d3613bf8b511b4a9
d14f6ca78feed9d8,f1a34b882711e73b
d14f6ca78feed9d7,221d2ae93bdea606
d14f6ca78feed9d6,9dfb6eb54ae0351d
d14f6ca78feed9d5,c60594e36057e9a8
d14f6ca78feed9d4,f0d79739d9f9fcd8
d14f6ca78feed9d3,b8f33f02cf030ced
d14f6ca78feed9d2,82ba564ba3d992f0
d14f6ca78feed9d1,7e40f3d917f879e1
d14f6ca78feed9d0,ca06131a4d577117
d14f6ca78feed9cf,f61fd298dd7c9575
d14f6ca78feed9ce,d5cec94b942f258f
d14f6ca78feed9cd,e32be08c853a0a2e
d14f6ca78feed9cc,6b5f670c7ddcd984
d14f6ca78feed9cb,07926a54abbdf24b
d14f6ca78feed9ca,175273ada77ecd9c
d14f6ca78feed9c9,34e0feb40563687e
d14f6ca78feed9c8,ae803e5af421d709
d14f6ca78feed9c7,2337bb0a7cdf2237
d14f6ca78feed9c6,60c23cebd18ed438
d14f6ca78feed9c5,1b0111e8c07e9d5a
d14f6ca78feed9c4,e0f9e54737f142a7
d14f6ca78feed9c3,df1486d7bee7f597
d14f6ca78feed9c2,50629dfa89bea1b1
d14f6ca78feed9c1,8fbb266f63e00f6f
d14f6ca78feed9c0,102a7741e13badf3
d14f6ca78feed9bf,eefa85e97569c856
d14f6ca78feed9be,bf4112ef4b2630af
d14f6ca78feed9bd,9794d66957f8061b
d14f6ca78feed9bc,b1a7e8e4656125ae
d14f6ca78feed9bb,771189cdc1448e6c
d14f6ca78feed9ba,df5a0fecf777d0ab
d14f6ca78feed9b9,ca8f06451eb92d99
d14f6ca78feed9b8,b6fa935bc949b70c
d14f6ca78feed9b7,f77c01fa8d7f1005
d14f6ca78feed9b6,32f2cdc653f71dfc
d14f6ca78feed9b5,48a2874c255a4b18
d14f6ca78feed9b4,b571e8274560e0b4
d14f6ca78feed9b3,59a45d4cddab0cb8
d14f6ca78feed9b2,98dc5fe9579debbf
d14f6ca78feed9b1,1f27fb1a5025830f
d14f6ca78feed9b0,bc1ab73abe6cd599
d14f6ca78feed9af,808ee598be374f8f
d14f6ca78feed9ae,231d27a537a4c06a
d14f6ca78feed9ad,585dffcace273bbf
d14f6ca78feed9ac,82ad04b65a15f721
d14f6ca78feed9ab,567b078cf83b47d2
d14f6ca78feed9aa,d6386f3bf865d3f3
d14f6ca78feed9a9,12867e4f4059e03e
d14f6ca78feed9a8,d63a19108b0d4741
d14f6ca78feed9a7,eacc197262443ff0
d14f6ca78feed9a6,f07ba0a7bf1852b8
d14f6ca78feed9a5,fc4ca951e6823e1a
d14f6ca78feed9a4,93d648dca72ec83d
d14f6ca78feed9a3,4e4b98777ba4edc3
d14f6ca78feed9a2,98a6f62e808937b8
d14f6ca78feed9a1,7ee47f8083988e7e
d14f6ca78feed9a0,84b2f8e7a9bb2f1b
d14f6ca78feed99f,067d2bc4a02d73ee
d14f6ca78feed99e,a68f630ac3e1d3c0
d14f6ca78feed99d,e18cedc181eec5cb
d14f6ca78feed99c,ff2d09b96e067986
d14f6ca78feed99b,763f457bf276c83f
d14f6ca78feed99a,5ae4182eeb932ee4
d14f6ca78feed999,9b72c88a7b8928f3
d14f6ca78feed998,49b15e8b5c8027bc
d14f6ca78feed997,9805c483a8284b78
d14f6ca78feed996,921a927933feb7f0
d14f6ca78feed995,2744e2635032eb32
d14f6ca78feed994,d13d70d57513c209
d14f6ca78feed993,b2e375941f5db739
d14f6ca78feed992,e507fff913328c00
d14f6ca78feed991,dcdf0e7512e4351c
d14f6ca78feed990,a737213624d2956b
d14f6ca78feed98f,0a2e2ff403f67d1c
d14f6ca78feed98e,7f9c8c383e40e2bb
d14f6ca78feed98d,9fa8ea8812bfdc70
d14f6ca78feed98c,eae508f2bcb9769c
d14f6ca78feed98b,cacfb9deb6383faa
d14f6ca78feed98a,357ddc983e261cca
d14f6ca78feed989,f41f7d7fc3f15544
d14f6ca78feed988,375a87a593ba8c0e
d14f6ca78feed987,cf55630a2ec2c9ac
d14f6ca78feed986,14e03414f10d3952
d14f6ca78feed985,687dd5f23467500c
d14f6ca78feed984,671db7c62e9cbb89
d14f6ca78feed983,1f302a29cfd704a0
d14f6ca78feed982,f1784bdf2e06845c
d14f6ca78feed981,7a41635018c18577
d14f6ca78feed980,5907485a7e2125ce
d14f6ca78feed97f,98ce58326a492698
d14f6ca78feed97e,e478deeba9022391
d14f6ca78feed97d,ed1d5dd4efff5304
d14f6ca78feed97c,54f145645598502c
d14f6ca78feed97b,2586b24e7215c146
d14f6ca78feed97a,be70685e9b09701d
d14f6ca78feed979,c02bc3d8812de448
d14f6ca78feed978,13f5d589959b7622
d14f6ca78feed977,d71e3052c88d5b7d
d14f6ca78feed976,d3af49271820deb2
d14f6ca78feed975,71c19759cc78e4e0
d14f6ca78feed974,4aa2bf26e06a693e
d14f6ca78feed973,edca566ede6790c0
d14f6ca78feed972,7f4a7d375c6ceb01
d14f6ca78feed971,856e77185c1e8343
d14f6ca78feed970,c1c3f791c481919a
d14f6ca78feed96f,59bfe94d7680b4e7
d14f6ca78feed96e,35c301962e80bc12
d14f6ca78feed96d,c4fd746a46d61f3b
d14f6ca78feed96c,fe059a343d351418
d14f6ca78feed96b,d02a9b9c07d247b4
d14f6ca78feed96a,e2bf8dc1a240a8d2
d14f6ca78feed969,ea9dd0d812d8fc74
d14f6ca78feed968,87eb2fe45ef67ec8
d14f6ca78feed967,aa43173c70f3c837
d14f6ca78feed966,bf0e7cbf3fd41eec
d14f6ca78feed965,53e946e6201aff8b
d14f6ca78feed964,3dd924e56e5937a6
d14f6ca78feed963,601ea92c9ff31ace
d14f6ca78feed962,0787a98782ca350b
d14f6ca78feed961,fffbf72413cd8b1f
d14f6ca78feed960,33ca66cdc18935bc
d14f6ca78feed95f,9cf7cdaf1fadf7a9
d14f6ca78feed95e,9a1e1a130e5a413a
d14f6ca78feed95d,1f1387b3694567f7
d14f6ca78feed95c,c40a22e01abc64fe
d14f6ca78feed95b,089a3d0fe05e7890
d14f6ca78feed95a,092eb7802fb74423
d14f6ca78feed959,bf037ba8b3ae23a6
d14f6ca78feed958,4e81fcd94f4f4b5f
d14f6ca78feed957,1bad26926782f3d1
d14f6ca78feed956,ca79a3a7f9b86cb0
d14f6ca78feed955,88d3281c209dd468
d14f6ca78feed954,beba14719183c6b3
d14f6ca78feed953,10f0a09b6667969f
d14f6ca78feed952,ad75e25977ffdbb4
d14f6ca78feed951,b3f780a0a8786523
d14f6ca78feed950,ba29b2a6855b8efe
d14f6ca78feed94f,c78fb2b6993066c6
d14f6ca78feed94e,4c268a7cb3ae0353
d14f6ca78feed94d,cd2b86f81b41a181
d14f6ca78feed94c,2973396e07da3d35
d14f6ca78feed94b,a19f4733c7f84f36
d14f6ca78feed94a,87e9c1db7e203fdc
d14f6ca78feed949,065c1fe7773032d7
d14f6ca78feed948,43a6b9cdf861b026
d14f6ca78feed947,2b306539f72703e7
d14f6ca78feed946,760dd542244bb22c
d14f6ca78feed945,f9f02f54f1332a8e
d14f6ca78feed944,fe589faf2532820c
d14f6ca78feed943,d9f989c3e293da43
d14f6ca78feed942,42dbc5cbeee8d9c9
d14f6ca78feed941,ec19ef8a7c40736c
d14f6ca78feed940,0ea973b07efb32b7
d14f6ca78feed93f,d47c034d2cc43621
d14f6ca78feed93e,b4b8d3e8201212d6
d14f6ca78feed93d,19a467e2a9931525
d14f6ca78feed93c,bdc7e2bf114c90e6
d14f6ca78feed93b,964a42585a8a80be
d14f6ca78feed93a,6983a2bd4bec2ca7
d14f6ca78feed939,b5569321c4fd64ce
d14f6ca78feed938,adb06b4190899b5c
d14f6ca78feed937,1efbdd2cb786c86a
d14f6ca78feed936,2124908df84f08da
d14f6ca78feed935,f9ed191b1cc4712e
d14f6ca78feed934,8fabcb11b12ddc33
d14f6ca78feed933,2e6bace87e80a27e
d14f6ca78feed932,7c212048fca13670
d14f6ca78feed931,17049cdb4249ad12
d14f6ca78feed930,0b4d1cf52524d05c
d14f6ca78feed92f,cb95a374ae6df230
d14f6ca78feed92e,493daee1d915656e
d14f6ca78feed92d,5a0f7525320185c3
d14f6ca78feed92c,aed62c689ff0b7c1
d14f6ca78feed92b,936bfc20eccfe8df
d14f6ca78feed92a,311ca8c75ba954f8
d14f6ca78feed929,8d3f5da6953ffe75
d14f6ca78feed928,d567b58a4bf35e08
d14f6ca78feed927,7566be8a14b02327
d14f6ca78feed926,78888f6cc3cd06b5
d14f6ca78feed925,85f3fcb6fe58d0f5
d14f6ca78feed924,53c93fef88106ce5
d14f6ca78feed923,033d7f2e5b430e06
d14f6ca78feed922,8a80987c45988439
d14f6ca78feed921,e96d397e02702f48
d14f6ca78feed920,6aa2ef058343e5f0
d14f6ca78feed91f,506fa46b9a8abcf0
d14f6ca78feed91e,6a06d121fad9649b
d14f6ca78feed91d,d7b337793af79946
d14f6ca78feed91c,4298fb969d92f318
d14f6ca78feed91b,398adc6458110b3d
d14f6ca78feed91a,fe11681fade12a1e
d14f6ca78feed919,263897aaa651980e
d14f6ca78feed918,3ab20a46c5b44235
d14f6ca78feed917,d7ca7e5dbb278124
d14f6ca78feed916,59c0848297155e8a
d14f6ca78feed915,0e0876ad91e1dd8d
d14f6ca78feed914,4773b315a1767d3e
d14f6ca78feed913,cd64da78c48a5e69
d14f6ca78feed912,7564ba48847d34fc
d14f6ca78feed911,7800b0d1a0627e69
d14f6ca78feed910,4bf3cfb3fe16a0e7
d14f6ca78feed90f,2ae6d8786bed32e2
d14f6ca78feed90e,a95e519da7a7afee
d14f6ca78feed90d,9a58f7a78add896a
d14f6ca78feed90c,37b353c6077bec22
d14f6ca78feed90b,06335e12a1b37362
d14f6ca78feed90a,956848a19f99a0c3
d14f6ca78feed909,2449603deffd33e9
d14f6ca78feed908,061d3765b60197e7
d14f6ca78feed907,60cd4d1663d9fa43
d14f6ca78feed906,89025ad52baefe6f
d14f6ca78feed905,1e1bc0188c305709
d14f6ca78feed904,3b6d024995e7807f
d14f6ca78feed903,28c2fb228ec9fd21
d14f6ca78feed902,df0d2f0cb6ec2897
d14f6ca78feed901,5221628a4ba3986c
d14f6ca78feed900,0b56856aba6b6ab9
d14f6ca78feed8ff,4eed73071cd42a8c
d14f6ca78feed8fe,17a45c9daeeedec9
d14f6ca78feed8fd,aafa35af6a8c24cb
d14f6ca78feed8fc,14d2845ad3760ef0
d14f6ca78feed8fb,2b3b0ef795cb0451
d14f6ca78feed8fa,9dff2605fbdcc3a7
d14f6ca78feed8f9,16b8ed337528d9c6
d14f6ca78feed8f8,1a89925874171d61
d14f6ca78feed8f7,d2d2ac2deeee61bf
d14f6ca78feed8f6,bb5202a15073a094
d14f6ca78feed8f5,60bce898d3577866
d14f6ca78feed8f4,e5d0acde2636f44e
d14f6ca78feed8f3,63f82248496c6cab
d14f6ca78feed8f2,2205e4e0417b00a3
d14f6ca78feed8f1,24a9b2f6565ae945
d14f6ca78feed8f0,a11c61635ddcec03
d14f6ca78feed8ef,272d80e88105a8d1
d14f6ca78feed8ee,77a6dd61c3c9323e
d14f6ca78feed8ed,0c968627bfab9ac0
d14f6ca78feed8ec,364126dc78c0f55f
d14f6ca78feed8eb,39571e262c58380e
d14f6ca78feed8ea,60981a56610f2431
d14f6ca78feed8e9,a00667f500b64e25
d14f6ca78feed8e8,9abd4d56e875afd8
d14f6ca78feed8e7,7173943e4b83c4d3
d14f6ca78feed8e6,845e96ce02484376
d14f6ca78feed8e5,af6cc639f227b2c8
d14f6ca78feed8e4,abca9556edf0111e
d14f6ca78feed8e3,8be35e964f8b4570
d14f6ca78feed8e2,5591ee28f10a34fc
d14f6ca78feed8e1,7234cc9497a9ec14
d14f6ca78feed8e0,cfeefff6ef6884c3
d14f6ca78feed8df,f260ddb554b7e3fb
d14f6ca78feed8de,f09e772a378ee731
d14f6ca78feed8dd,abdd685331dcf55f
d14f6ca78feed8dc,41c7771cea831fbc
d14f6ca78feed8db,7a08811d81a6cd4e
d14f6ca78feed8da,1575c6c744e8247a
d14f6ca78feed8d9,ca130bccd708b970
d14f6ca78feed8d8,c4b40b2f308202d6
d14f6ca78feed8d7,cd8d92d9407874fb
d14f6ca78feed8d6,44a771f07cf4b04e
d14f6ca78feed8d5,b2917cae361c27aa
d14f6ca78feed8d4,7aa89af2b1c0e2b0
d14f6ca78feed8d3,3a406104cd4dd672
d14f6ca78feed8d2,60421ea1a7574716
d14f6ca78feed8d1,a2d10ae9e1ce840a
d14f6ca78feed8d0,eee28aef708740b6
d14f6ca78feed8cf,0aa7264f9ca5924b
d14f6ca78feed8ce,8116d0cb6b2a2fc3
d14f6ca78feed8cd,35ec9a92fbc12a5d
d14f6ca78feed8cc,ebd39e054e0e9adc
d14f6ca78feed8cb,30aee7ad07fb6af5
d14f6ca78feed8ca,d890544615bf505b
d14f6ca78feed8c9,97f2a4543075e9d9
d14f6ca78feed8c8,01514795201ca705
d14f6ca78feed8c7,4a3af93c9755b65e
d14f6ca78feed8c6,4c0cd0c076b6aa4a
d14f6ca78feed8c5,58ea571328929bb1
d14f6ca78feed8c4,bad74d11d839bd0a
d14f6ca78feed8c3,9c32506ea8210f7f
d14f6ca78feed8c2,7957234cbe008fb9
d14f6ca78feed8c1,ae9ed88fbec3abfc
d14f6ca78feed8c0,308022a62429a1cf
d14f6ca78feed8bf,dda2e6c13fed8b4e
d14f6ca78feed8be,091cdb4467f9f40b
d14f6ca78feed8bd,7c771b90e112ed50
d14f6ca78feed8bc,68bd2ec138e4a84a
d14f6ca78feed8bb,c55a681f80153757
d14f6ca78feed8ba,2596752ba237681e
d14f6ca78feed8b9,f7fa9d0682f6da32
d14f6ca78feed8b8,11ffe738b0e01100
d14f6ca78feed8b7,092e2bb00a996984
d14f6ca78feed8b6,5430afc620eb6e4d
d14f6ca78feed8b5,f7142c527987951d
d14f6ca78feed8b4,6245428398b208c7
d14f6ca78feed8b3,d9972eace8db9dbf
d14f6ca78feed8b2,bf597b70ef8fec8f
d14f6ca78feed8b1,76a85a84de46ca1a
d14f6ca78feed8b0,9e2bbfac5e04d62a
d14f6ca78feed8af,6e0a01abfb1c7576
d14f6ca78feed8ae,2f215c27fa507475
d14f6ca78feed8ad,093618121aa8ce68
d14f6ca78feed8ac,f6865a8d1d752e38
d14f6ca78feed8ab,f45d7ccc7053d411
d14f6ca78feed8aa,85dabb11d6c78e29
d14f6ca78feed8a9,e4f109da3f5a168f
d14f6ca78feed8a8,3843d0369678c165
d14f6ca78feed8a7,0353173fa8af744e
d14f6ca78feed8a6,eee0f481eb57b4de
d14f6ca78feed8a5,76d8704b39e8af15
d14f6ca78feed8a4,f9b52d0e6f5420e2
d14f6ca78feed8a3,667a0c78f0b7be49
d14f6ca78feed8a2,b0cc9fe9fe095b01
d14f6ca78feed8a1,acf4a8449c4d95e5
d14f6ca78feed8a0,18b09951fc148c1b
d14f6ca78feed89f,1370fedc196453f6
d14f6ca78feed89e,67b57f11cd8d6e15
d14f6ca78feed89d,5453485fe4defc12
d14f6ca78feed89c,82c93a35b684b3d3
d14f6ca78feed89b,e3706de2da19467f
d14f6ca78feed89a,217a0d5aade418ee
d14f6ca78feed899,3e65d9dd042a5826
d14f6ca78feed898,4bde146e202636d9
d14f6ca78feed897,ff6a02d281046399
d14f6ca78feed896,8e378287e64021fb
d14f6ca78feed895,abf91ec7f40e4996
d14f6ca78feed894,a52e98cd461f0625
d14f6ca78feed893,ddbf93e1f66bb341
d14f6ca78feed892,c56ce9a6d3f93d3b
d14f6ca78feed891,272b0bf3531fcba0
d14f6ca78feed890,856566b0319f161b
d14f6ca78feed88f,9406d6c06748a6f6
d14f6ca78feed88e,be59cca3194aa11e
d14f6ca78feed88d,9ca52983a0710df6
d14f6ca78feed88c,e367b9ba45492335
d14f6ca78feed88b,47e1c98f06927515
d14f6ca78feed88a,f48366a44c60d189
d14f6ca78feed889,e2cecbbff9d3853d
d14f6ca78feed888,d5dd5ff9b4722eeb
d14f6ca78feed887,7a2a281b5bd524aa
d14f6ca78feed886,02e6de4c72576959
d14f6ca78feed885,752ea8861f2f8ea5
d14f6ca78feed884,0dfd74ac8f901bc6
d14f6ca78feed883,776dc0fa22ad3f64
d14f6ca78feed882,d061756ddaf444b3
d14f6ca78feed881,19dc082f9fe95b42
d14f6ca78feed880,253eddd6b0262ebb
d14f6ca78feed87f,57ac0a7712e8e149
d14f6ca78feed87e,d2f2e2e34d689532
d14f6ca78feed87d,c46e2036b8c60274
d14f6ca78feed87c,068f1591b81d11e2
d14f6ca78feed87b,8dccef5c83c11d5d
d14f6ca78feed87a,f39fc5c76c9fc2bd
d14f6ca78feed879,d34fb5a686c1abac
d14f6ca78feed878,166a946dc291c9af
d14f6ca78feed877,1c41adf0f8cdb23d
d14f6ca78feed876,5c61248bdd9ac752
d14f6ca78feed875,3ccd2575c9803671
d14f6ca78feed874,244bfdfe82ca08a7
d14f6ca78feed873,cba3139f86668694
d14f6ca78feed872,2f2d87a91f0b38cd
d14f6ca78feed871,f20d781e24dcab70
d14f6ca78feed870,cf0ee0136d2748d3
d14f6ca78feed86f,aecca891b695ea68
d14f6ca78feed86e,d1c3cc1eab5dd66b
d14f6ca78feed86d,3a97f1b91ec7f43d
d14f6ca78feed86c,03c1e0587062a665
d14f6ca78feed86b,e5d12f8e63a628a7
d14f6ca78feed86a,5036392b6047d642
d14f6ca78feed869,37a78c181d68a40c
d14f6ca78feed868,0454b80d25f622aa
d14f6ca78feed867,9c72ee477bb8eb3f
d14f6ca78feed866,43e44f341cf8e7c1
d14f6ca78feed865,9e603c57d7d932e4
d14f6ca78feed864,3972bb06a94002cf
d14f6ca78feed863,ff89fb6972354524
d14f6ca78feed862,37ea4217bd29b0af
d14f6ca78feed861,97f92d634ca4b84b
d14f6ca78feed860,43569d34e3eeedd2
d14f6ca78feed85f,21d7d82c5b5c87cf
d14f6ca78feed85e,536eb76acefd6d11
d14f6ca78feed85d,fcf74b9211cbed78
d14f6ca78feed85c,7f4d9704daa6f545
d14f6ca78feed85b,6c8e11bba52248dc
d14f6ca78feed85a,43eb9069a83ce67f
d14f6ca78feed859,1368bf9441f1f5c0
d14f6ca78feed858,d0662a8e987420d7
d14f6ca78feed857,03042de5aed97036
d14f6ca78feed856,2b9158c28e293ff9
d14f6ca78feed855,62e4a6c3b9f22bcc
d14f6ca78feed854,fee5f79859dd5a19
d14f6ca78feed853,9f3af3813d0aff96
d14f6ca78feed852,2c0bb7739f7aaa74
d14f6ca78feed851,d1bb34991999e8d3
d14f6ca78feed850,d646d70888dc8f50
d14f6ca78feed84f,440d78c6ad507b26
d14f6ca78feed84e,4f7de615f8af06ae
d14f6ca78feed84d,e65d52aba616082f
d14f6ca78feed84c,b26376dedca3043b
d14f6ca78feed84b,a73d4575a8e07ed6
d14f6ca78feed84a,5ef372f57f7a40d4
d14f6ca78feed849,5cb5e7003155a8c3
d14f6ca78feed848,04fad9bf2f0057ac
d14f6ca78feed847,d06e13162ccfd522
d14f6ca78feed846,2a936927d7d614cb
d14f6ca78feed845,2dc34824dc6c1fdf
d14f6ca78feed844,2c4ea58a1c8bf830
d14f6ca78feed843,b2221696fc248906
d14f6ca78feed842,17e9fafca8122788
d14f6ca78feed841,56fa2d150f9337e9
d14f6ca78feed840,b6e512afcf9313f9
d14f6ca78feed83f,adb7c7f9872a58f7
d14f6ca78feed83e,32ea8c39b2ead9d2
d14f6ca78feed83d,80629dfec6bf52a3
d14f6ca78feed83c,716c694622a6889e
d14f6ca78feed83b,d6c7e11631e8a89b
d14f6ca78feed83a,610f8b93adaf4e28
d14f6ca78feed839,55866df6693592df
d14f6ca78feed838,ffd860ffb905d371
d14f6ca78feed837,38297e5cb139f3b0
d14f6ca78feed836,498f633baea43894
d14f6ca78feed835,c998b3b5fd565d5d
d14f6ca78feed834,0cd6d4e475af33f0
d14f6ca78feed833,6395823aaee03b9b
d14f6ca78feed832,817b531ef4005014
d14f6ca78feed831,d9d2f348010a2a70
d14f6ca78feed830,d3b6e03fad42c606
d14f6ca78feed82f,9141220e3dee24aa
d14f6ca78feed82e,72e29beb180cc4e3
d14f6ca78feed82d,431a3e1faa52db47
d14f6ca78feed82c,382ccad5d52c606f
d14f6ca78feed82b,f9ab46ac28fc217d
d14f6ca78feed82a,912da9a9f5ae72ba
d14f6ca78feed829,51c6906b0ca8b72a
d14f6ca78feed828,712da9e7e42a338b
d14f6ca78feed827,ea690dd5f4993297
d14f6ca78feed826,a729375d1e36d8ed
d14f6ca78feed825,b81555a92ed2ad21
d14f6ca78feed824,0074d5ca10c64dfa
d14f6ca78feed823,cd425b5826875950
d14f6ca78feed822,61a0289320dcd932
d14f6ca78feed821,da2808a8155f7d32
d14f6ca78feed820,63ee63733a7b428a
d14f6ca78feed81f,cce59bf6a4628ce0
d14f6ca78feed81e,6ba8200044acf138
d14f6ca78feed81d,badddd3830a664ae
d14f6ca78feed81c,2a3843cae5d0080a
d14f6ca78feed81b,ffa70c7854fd6928
d14f6ca78feed81a,03fae8c650fa45bd
d14f6ca78feed819,6fc99c0b5394ab80
d14f6ca78feed818,da9e11921b78711b
d14f6ca78feed817,990486d7cb26794b
d14f6ca78feed816,6714d4344a54b3e0
d14f6ca78feed815,04bf4686bd2e6b20
d14f6ca78feed814,4df0b4d9c884cac4
d14f6ca78feed813,5d61a4f9b5cebbe8
d14f6ca78feed812,0ea13d384693a363
d14f6ca78feed811,41567b01d10e046d
d14f6ca78feed810,f0f2cba8e9453d0a
d14f6ca78feed80f,6e150f8989f11771
d14f6ca78feed80e,07a4194e045884f4
d14f6ca78feed80d,48ea5bb3a739d36a
d14f6ca78feed80c,3bfb724aeb5c9168
d14f6ca78feed80b,f246f7970d66da3a
d14f6ca78feed80a,74e825885f9aebde
d14f6ca78feed809,2935745b67cc79c7
d14f6ca78feed808,246373f5767313ae
d14f6ca78feed807,e2a25d9d8b2a2eb7
d14f6ca78feed806,97e9478434c28780
d14f6ca78feed805,ea50d6a8d5a50e4b
d14f6ca78feed804,08d7f22168e2346a
d14f6ca78feed803,6360ed5a057f4132
d14f6ca78feed802,35823e897194371c
d14f6ca78feed801,947d0690bbdd88d0
d14f6ca78feed800,1af56fd88cb59500
d14f6ca78feed7ff,0213e0e900cd4072
d14f6ca78feed7fe,b583817f51acf93a
d14f6ca78feed7fd,7963e50476fd205f
d14f6ca78feed7fc,4b3bd0c309e6bd7e
d14f6ca78feed7fb,a0f14b6cc177d75d
d14f6ca78feed7fa,dae68f1083361e40
d14f6ca78feed7f9,64bb2ad8834e7b09
d14f6ca78feed7f8,fa90150d5b94c2b8
d14f6ca78feed7f7,1678256923367e18
d14f6ca78feed7f6,863de1a06cfb3a7d
d14f6ca78feed7f5,69600c96bbcc2981
d14f6ca78feed7f4,263a7f652cb16b08
d14f6ca78feed7f3,83ae9d75e356abc8
d14f6ca78feed7f2,3c55a60dd938d7a8
d14f6ca78feed7f1,0b8e6e4995759662
d14f6ca78feed7f0,dd529dc3905004a7
d14f6ca78feed7ef,64756218bbb44336
d14f6ca78feed7ee,490579ff8bb2b935
d14f6ca78feed7ed,ce3a21cf8ad2c4dc
d14f6ca78feed7ec,b69b12a4b32aa6f4
d14f6ca78feed7eb,fdb4da8dbb96bd33
d14f6ca78feed7ea,266b2d23f6c4a754
d14f6ca78feed7e9,c5373f520703ae27
d14f6ca78feed7e8,d4d2957ef169a895
d14f6ca78feed7e7,770268e9bd23a0fd
d14f6ca78feed7e6,c408c3a3693785b5
d14f6ca78feed7e5,e1ab6ce3d14f8f62
d14f6ca78feed7e4,688dc938cbafc7fc
d14f6ca78feed7e3,02cbdfe0602d4ebe
d14f6ca78feed7e2,ce5eff5173d37858
d14f6ca78feed7e1,8edbc6c11e1ac188
d14f6ca78feed7e0,63bbb755ac84842d
d14f6ca78feed7df,24dd1c822c02913a
d14f6ca78feed7de,2147434c59b5429b
d14f6ca78feed7dd,03b4aebb8ec6275a
d14f6ca78feed7dc,5292c13a0c6591d4
d14f6ca78feed7db,38a33eb729195360
d14f6ca78feed7da,89e0112425d19d8a
d14f6ca78feed7d9,e021545ffdac57fd
d14f6ca78feed7d8,dc625272e9f8646c
d14f6ca78feed7d7,d7af3ed7cd55fc31
d14f6ca78feed7d6,1ebd571364f5cb74
d14f6ca78feed7d5,07b2ffdc02ae53c9
d14f6ca78feed7d4,18772e03df378ad2
d14f6ca78feed7d3,f2013fb6dcd30e19
d14f6ca78feed7d2,d80e78c5a4dac89d
d14f6ca78feed7d1,417a8fbaae7be88b
d14f6ca78feed7d0,6f2c555f3c2e91dd
d14f6ca78feed7cf,33b30e3b90b9989a
d14f6ca78feed7ce,8c263ea61ddc806b
d14f6ca78feed7cd,66a94e1c8534d6bc
d14f6ca78feed7cc,2e117dcdb7571ddf
d14f6ca78feed7cb,37f9911504f26366
d14f6ca78feed7ca,d3c0513b01057422
d14f6ca78feed7c9,4e7d00e84692e274
d14f6ca78feed7c8,47c3457fd743384b
d14f6ca78feed7c7,8827083072eed16b
d14f6ca78feed7c6,ebfb5796b3e709d0
d14f6ca78feed7c5,610213090cf617a8
d14f6ca78feed7c4,1697aed1bbf44f13
d14f6ca78feed7c3,439776d7b08d8b6b
d14f6ca78feed7c2,9ec761ee3b48e9e8
d14f6ca78feed7c1,fa92967c88d079d9
d14f6ca78feed7c0,f4fa0d35648292cb
d14f6ca78feed7bf,2f2c5dd0898919fd
d14f6ca78feed7be,ea0f0dd1542ef129
d14f6ca78feed7bd,1880dff941c6b531
d14f6ca78feed7bc,595f111bc12f0651
d14f6ca78feed7bb,fa0832883d1975c6
d14f6ca78feed7ba,44567952e23f4f5f
d14f6ca78feed7b9,7c3d19086c65e9ec
d14f6ca78feed7b8,596b205ec383493d
d14f6ca78feed7b7,23611c76f3f7bb66
d14f6ca78feed7b6,356d3b2cb8357bc4
d14f6ca78feed7b5,561dd73182680110
d14f6ca78feed7b4,a52c5992b16fd8c4
d14f6ca78feed7b3,f223222aa0b53af2
d14f6ca78feed7b2,d34049bf58fc8ff5
d14f6ca78feed7b1,7faadb5581e9193e
d14f6ca78feed7b0,2a9a36f2830b2b11
d14f6ca78feed7af,df2ed75891844dec
d14f6ca78feed7ae,bc68cb65fc3e4d73
d14f6ca78feed7ad,4e2d18c9fa7f34e9
d14f6ca78feed7ac,7a0ea0f28220d6ff
d14f6ca78feed7ab,07c278a5ae644eb4
d14f6ca78feed7aa,dbec3ee594c2de26
d14f6ca78feed7a9,e25ffa2a1dec026d
d14f6ca78feed7a8,916aa4f33ff4c3af
d14f6ca78feed7a7,23c0cf890b5b3cce
d14f6ca78feed7a6,07df1e39361dfe7e
d14f6ca78feed7a5,c118f5fccd7b0412
d14f6ca78feed7a4,6a33f8e5fc20b6ed
d14f6ca78feed7a3,4751d58d67886782
d14f6ca78feed7a2,cfe75f28d3d94595
d14f6ca78feed7a1,83086e6e39c9d5d5
d14f6ca78feed7a0,7cc1d50341921b13
d14f6ca78feed79f,0cd6ae5e1755442f
d14f6ca78feed79e,26616eaafeeb5614
d14f6ca78feed79d,533f43fdeed4646c
d14f6ca78feed79c,380cd766cfaa818a
d14f6ca78feed79b,f7b67267f54b698a
d14f6ca78feed79a,917f24700d2fe007
d14f6ca78feed799,b60b420d8bf2e5bb
d14f6ca78feed798,75018cca2c0af05e
d14f6ca78feed797,a294e65bd1cdfdc1
d14f6ca78feed796,75764c1b02824a97
d14f6ca78feed795,ccf662f518b4a7b1
d14f6ca78feed794,d7eb4217aefbea7c
d14f6ca78feed793,abf26da2b85ed239
d14f6ca78feed792,6d6288b660eb1de0
d14f6ca78feed791,2b88e2957ccb3fca
d14f6ca78feed790,faa1fa1e3fdce1b5
d14f6ca78feed78f,e9755bfded01f1c8
d14f6ca78feed78e,970d1d8814f27cc0
d14f6ca78feed78d,ffd1ef37c6eb0915
d14f6ca78feed78c,c97fd00f76695cac
d14f6ca78feed78b,3829e46913551d43
d14f6ca78feed78a,7a5d88214990e06a
d14f6ca78feed789,cf26286bab9fa1b9
d14f6ca78feed788,73b578a489bf9231
d14f6ca78feed787,1d31d4304a6ac47d
d14f6ca78feed786,1456fdb8638c311e
d14f6ca78feed785,0a64abc23755a63c
d14f6ca78feed784,6338659d9b04ccb9
d14f6ca78feed783,f4e4d4f199414ad8
d14f6ca78feed782,05cb64fe694a57c3
d14f6ca78feed781,692befde3686f72f
d14f6ca78feed780,ae9043a58a27fa4c
d14f6ca78feed77f,f8ebdb0ca57ea59f
d14f6ca78feed77e,5d058d0e68757abe
d14f6ca78feed77d,ece7ad1e586a1e6d
d14f6ca78feed77c,a9e3e4d090489239
d14f6ca78feed77b,da50564ab64eba7f
d14f6ca78feed77a,e9dff4425cffd790
d14f6ca78feed779,96a646b2436810e7
d14f6ca78feed778,ce612fabf14de47e
d14f6ca78feed777,2269334732971612
d14f6ca78feed776,b43e5940d2132fc0
d14f6ca78feed775,066900c8752d88e3
d14f6ca78feed774,daa122604f781070
d14f6ca78feed773,cb7c673462f9fe2e
d14f6ca78feed772,541fabb3219cd0ba
d14f6ca78feed771,0859682c296cb599
d14f6ca78feed770,90ad45e1fe76c9e6
d14f6ca78feed76f,e1ec0c47f14fb722
d14f6ca78feed76e,b02c7e1230cb00dc
d14f6ca78feed76d,f61ab459890244c2
d14f6ca78feed76c,8370b557dd7829e1
d14f6ca78feed76b,8f0b568598dd2786
d14f6ca78feed76a,4047dc4f0117c81e
d14f6ca78feed769,85052427efb553a1
d14f6ca78feed768,e0501dbf9def2898
d14f6ca78feed767,92471712c96bea1a
d14f6ca78feed766,f44a84cbaf37c4ab
d14f6ca78feed765,b963c8e00f878fa1
d14f6ca78feed764,3bf2390da589c588
d14f6ca78feed763,8335627f805bfc7e
d14f6ca78feed762,5152e3b7b565bfd3
d14f6ca78feed761,f65c5613e8d0017d
d14f6ca78feed760,6e9540a2a637c12a
d14f6ca78feed75f,2f0e8ae0a8e766a7
d14f6ca78feed75e,d428c1f69a889bdd
d14f6ca78feed75d,bf31f3628a9f675e
d14f6ca78feed75c,8dfd19f241709510
d14f6ca78feed75b,3bbbf6c41a0819f1
d14f6ca78feed75a,e04e961919b62fd8
d14f6ca78feed759,f23e2e82440a092a
d14f6ca78feed758,aee93ad0e4df89c6
d14f6ca78feed757,6321c2c0a2fb5079
d14f6ca78feed756,3ce7a910d7ed1178
d14f6ca78feed755,74d312d11ec2ebc8
d14f6ca78feed754,1cf4b026aed57387
d14f6ca78feed753,2c71a1c57dded7b9
d14f6ca78feed752,2a5bc6f3515bfe87
d14f6ca78feed751,bcce13ea79c65cab
d14f6ca78feed750,a1341a60da502f63
d14f6ca78feed74f,65a90b34951b8bb4
d14f6ca78feed74e,537bd07ab7f44fc2
d14f6ca78feed74d,7e23a2422584b7ad
d14f6ca78feed74c,9c600d7cc87efbc3
d14f6ca78feed74b,164a9d3f994c009e
d14f6ca78feed74a,b436b6a1d4c30f59
d14f6ca78feed749,714d88f8ed2dbdde
d14f6ca78feed748,4035e44be22efc8b
d14f6ca78feed747,03d7a0a00abf59ed
d14f6ca78feed746,4dc7a21a82a4c681
d14f6ca78feed745,2595b573e8066ffb
d14f6ca78feed744,54c3a1a636125f6d
d14f6ca78feed743,b7890ff6a8e4eb94
d14f6ca78feed742,fae4d84720e471ef
d14f6ca78feed741,1af16c582beb63b9
d14f6ca78feed740,6b91faeddd49dd23
d14f6ca78feed73f,f4c00f841823c34f
d14f6ca78feed73e,7133d4dcfb14bdcf
d14f6ca78feed73d,ea2838a70aa77929
d14f6ca78feed73c,018b56396700e5ca
d14f6ca78feed73b,ade3b10177cf18b2
d14f6ca78feed73a,38f94b546de6d127
d14f6ca78feed739,0e57b38bd726056c
d14f6ca78feed738,df8b72fee25eba01
d14f6ca78feed737,ba029fb01d4fa39a
d14f6ca78feed736,4008a0339d37f7a4
d14f6ca78feed735,ba858081b562e468
d14f6ca78feed734,9d36f2692ef8d40b
d14f6ca78feed733,2b7cf86678c9edca
d14f6ca78feed732,5bae5df6bd10c0ea
d14f6ca78feed731,50d51e7e96cc78f5
d14f6ca78feed730,517e782110273074
d14f6ca78feed72f,0adc08eeb5acc485
d14f6ca78feed72e,a77bdefa5c3e2ff9
d14f6ca78feed72d,6815ec9a85394672
d14f6ca78feed72c,94680c98e89eba64
d14f6ca78feed72b,f152b37f5161ac62
d14f6ca78feed72a,28d5bb4907f2e386
d14f6ca78feed729,e837d363a01dd90e
d14f6ca78feed728,6e348e01e4bfbfb9
d14f6ca78feed727,37262bfcfbbe5604
d14f6ca78feed726,15e7969ecd156572
d14f6ca78feed725,c7794d65ae3ae38e
d14f6ca78feed724,e7d1f81ac4f6f7d6
d14f6ca78feed723,46d8b093e2885b48
d14f6ca78feed722,2b685f3aa9089760
d14f6ca78feed721,406a5164e4aef246
d14f6ca78feed720,3abdb228a2d51914
d14f6ca78feed71f,9907633edf7d5699
d14f6ca78feed71e,a8c407067bb6a40c
d14f6ca78feed71d,cef063b7a9312f5f
d14f6ca78feed71c,2d9541f545b66b59
d14f6ca78feed71b,67aab96c9ec9a9d5
d14f6ca78feed71a,d7c3aa7bab0d2c1b
d14f6ca78feed719,ffac95bbec5e415e
d14f6ca78feed718,74f4f9b84e5c2a88
d14f6ca78feed717,a25517e5fb850160
d14f6ca78feed716,77b15c4c860a2ab4
d14f6ca78feed715,26162c7c1657aca7
d14f6ca78feed714,f3c04934c30b5962
d14f6ca78feed713,797ccc3e5e34bea6
d14f6ca78feed712,98ed4beabc5d47ea
d14f6ca78feed711,edad596ce9545824
d14f6ca78feed710,96a5c7b55048af7e
d14f6ca78feed70f,fd363848fee4f041
d14f6ca78feed70e,188a2a03831be06e
d14f6ca78feed70d,c014f3a252e7c8b6
d14f6ca78feed70c,8b672aae684b81da
d14f6ca78feed70b,be85aca51b42c617
d14f6ca78feed70a,03585018666bdc17
d14f6ca78feed709,5d007fdab39f8dde
d14f6ca78feed708,3006e063d7ae6fc7
d14f6ca78feed707,fdb52e0215465cc8
d14f6ca78feed706,df1fe728ba9a0a7d
d14f6ca78feed705,05fbf2b295a14585
d14f6ca78feed704,96b7cf1783f60ec7
d14f6ca78feed703,7ef26149df21f846
d14f6ca78feed702,71f9e5ccf5b63a25
d14f6ca78feed701,b6f62ddbfc0a94bd
d14f6ca78feed700,202d1ac8b80e1951
d14f6ca78feed6ff,1b3166ef12b92222
d14f6ca78feed6fe,c12cf75988a7f0dd
d14f6ca78feed6fd,9b08331453208ed1
d14f6ca78feed6fc,415f9090e0b3bf99
d14f6ca78feed6fb,761a96139aee9a0d
d14f6ca78feed6fa,3e2f10248531435c
d14f6ca78feed6f9,a8be13240cdccf25
d14f6ca78feed6f8,07be438e01815247
d14f6ca78feed6f7,39ae30005d4091de
d14f6ca78feed6f6,e820128437a20230
d14f6ca78feed6f5,4ae43e9cca17e02d
d14f6ca78feed6f4,48a9e044103c1117
d14f6ca78feed6f3,cfd6ba986922d7ed
d14f6ca78feed6f2,0b7f04c4a4016010
d14f6ca78feed6f1,f0c92b364dcb0e72
d14f6ca78feed6f0,0d7c7bfdc5668e85
d14f6ca78feed6ef,9ef95a0906e5b269
d14f6ca78feed6ee,6ad98b20c7f0d682
d14f6ca78feed6ed,559bb7eb9557e43e
d14f6ca78feed6ec,7351caec7990c132
d14f6ca78feed6eb,acaecba3bf6f3290
d14f6ca78feed6ea,3c11ffb6f0d37a45
d14f6ca78feed6e9,d2f82517465bfd8f
d14f6ca78feed6e8,59eadaf68cdc154b
d14f6ca78feed6e7,949bed8974d5e9f2
d14f6ca78feed6e6,7938609bee5ebdf3
d14f6ca78feed6e5,c15e2ff34f535451
d14f6ca78feed6e4,6c291a93fe30e0b9
d14f6ca78feed6e3,4a7cf94772a52b2a
d14f6ca78feed6e2,273107dcfb00991c
d14f6ca78feed6e1,d4f6ca3db19990db
d14f6ca78feed6e0,d7c11f50f4ec02f8
d14f6ca78feed6df,7a7b6424d47d87e9
d14f6ca78feed6de,bd5175b5f1aaad0d
d14f6ca78feed6dd,1dd92a41fdae5acd
d14f6ca78feed6dc,ca8819290faa66b1
d14f6ca78feed6db,8a4449aaea93cddb
d14f6ca78feed6da,ec064d109474d61c
d14f6ca78feed6d9,3a0d21c1906eaf38
d14f6ca78feed6d8,43e60b7c3ee27fe4
d14f6ca78feed6d7,8ba01f3f11183500
d14f6ca78feed6d6,2d55ab8cc68b3bad
d14f6ca78feed6d5,ab2b2bd064861234
d14f6ca78feed6d4,73197c1d4af66c76
d14f6ca78feed6d3,df0b7c8c20947e2e
d14f6ca78feed6d2,5f7d874c8f5dcc92
d14f6ca78feed6d1,3143ae3ec3d184bd
d14f6ca78feed6d0,b3f54190a2d9bf36
d14f6ca78feed6cf,fac7da5af8c3aaaf
d14f6ca78feed6ce,a58f7826b88c00e8
d14f6ca78feed6cd,22c6c4bc7e38b033
d14f6ca78feed6cc,32082bc4753ecc77
d14f6ca78feed6cb,cf6b79dd7870cbcd
d14f6ca78feed6ca,47310f6cf2be06f9
d14f6ca78feed6c9,126ce8218ad64037
d14f6ca78feed6c8,f819f23c5c1898b7
d14f6ca78feed6c7,a287836d26e5e621
d14f6ca78feed6c6,47e3d9d6d146dd13
d14f6ca78feed6c5,30857c0d472d7fca
d14f6ca78feed6c4,f5c82972ca680de7
d14f6ca78feed6c3,21a3ad38bb3f5ac9
d14f6ca78feed6c2,244cd2ef3207978f
d14f6ca78feed6c1,b3b4ced7d9891ab4
d14f6ca78feed6c0,500641ce16ec4e19
d14f6ca78feed6bf,6dfda135818f7893
d14f6ca78feed6be,df5b253b63765f31
d14f6ca78feed6bd,d9c62b7a0c4a74d4
d14f6ca78feed6bc,e1ddf93ff9c5a5a1
d14f6ca78feed6bb,cd8560123d6bc0fc
d14f6ca78feed6ba,af44d89a70a500cc
d14f6ca78feed6b9,e4734879ec0cc60e
d14f6ca78feed6b8,8bd8e89109e8f4de
d14f6ca78feed6b7,bdf87d7df2a8bfa0
d14f6ca78feed6b6,22eee8265afe08b8
d14f6ca78feed6b5,7b2b2ae4cd8798a2
d14f6ca78feed6b4,ae52516fe6800aef
d14f6ca78feed6b3,2f02b13d73d3630c
d14f6ca78feed6b2,bc9694414cea851d
d14f6ca78feed6b1,62244e1f9d9f2cf8
d14f6ca78feed6b0,a2925361ee63a9e1
d14f6ca78feed6af,91ddd0e37ce89fc6
d14f6ca78feed6ae,447283b93695092a
d14f6ca78feed6ad,bc70044da2745fcf
d14f6ca78feed6ac,bfddd6e5cbe52ebe
d14f6ca78feed6ab,7cd6b334e4877d65
d14f6ca78feed6aa,ea4af94d14ce148a
d14f6ca78feed6a9,419062e69101e687
d14f6ca78feed6a8,b7210f2911471319
d14f6ca78feed6a7,39e85d8b0b690508
d14f6ca78feed6a6,0f206fad1d8f1ea8
d14f6ca78feed6a5,718203f1e9bc585a
d14f6ca78feed6a4,0c1e5f520496a647
d14f6ca78feed6a3,70a9bec48188cd30
d14f6ca78feed6a2,68f9df03f3891de7
d14f6ca78feed6a1,f97a3bd780749123
d14f6ca78feed6a0,dce286f429432654
d14f6ca78feed69f,860af525ca96f2e3
d14f6ca78feed69e,2bacdedbc4a19aa1
d14f6ca78feed69d,b4044c94caa00d18
d14f6ca78feed69c,944f7ecbf35c14af
d14f6ca78feed69b,8aa6ac77fb3e8edf
d14f6ca78feed69a,c204be3713021104
d14f6ca78feed699,aef0e4b57068062c
d14f6ca78feed698,d74d0e216fe9fec6
d14f6ca78feed697,2b9881d1ee43f844
d14f6ca78feed696,743afd3bd48d569c
d14f6ca78feed695,8275dacb2584a2dc
d14f6ca78feed694,d8a6afc84268b128
d14f6ca78feed693,80673ab9698e64ec
d14f6ca78feed692,e0c5ac7e971768bb
d14f6ca78feed691,35cf855080e759fb
d14f6ca78feed690,5b9afc2f913b8699
d14f6ca78feed68f,6873a79be824dfbb
d14f6ca78feed68e,cff4bcfd07f99b14
d14f6ca78feed68d,f8b52139c9ac4ce2
d14f6ca78feed68c,d851098073a3d701
d14f6ca78feed68b,ce65de6a04f88b2d
d14f6ca78feed68a,4b591c1a90d12bcc
d14f6ca78feed689,4865ceb59b884f43
d14f6ca78feed688,3f56688e3bf81391
d14f6ca78feed687,f66c52963c7b2c05
d14f6ca78feed686,72c9a95f1092be58
d14f6ca78feed685,8c24e0d1bce5726b
d14f6ca78feed684,72c9d75b60de6088
d14f6ca78feed683,6f7aef0be905af5e
d14f6ca78feed682,40508a198067eb56
d14f6ca78feed681,3575585e385f36a5
d14f6ca78feed680,1248783939a698b0
d14f6ca78feed67f,ae83b2d997afa3c7
d14f6ca78feed67e,2b3f7bef282b0d9e
d14f6ca78feed67d,10add82fd30fd5fe
d14f6ca78feed67c,702723917757d559
d14f6ca78feed67b,5596062a572b6f9d
d14f6ca78feed67a,fa86784ffbf5c0d5
d14f6ca78feed679,c2572d20499001cf
d14f6ca78feed678,a7d0a5072060f4f7
d14f6ca78feed677,f811bcf1230fde54
d14f6ca78feed676,ead880b7f7e93306
d14f6ca78feed675,f1887ecebe6f2991
d14f6ca78feed674,cff630f149f4f22b
d14f6ca78feed673,e9d14d0b45184f2e
d14f6ca78feed672,6ffe1405dbe9425a
d14f6ca78feed671,f83a2aeb08c813c6
d14f6ca78feed670,af95ce8ad213a8a8
d14f6ca78feed66f,dd62317c83e26ad0
d14f6ca78feed66e,98a5c4461a1afaf2
d14f6ca78feed66d,770e834332afbeef
d14f6ca78feed66c,3001381dee74fbb8
d14f6ca78feed66b,f4c6b98ebdc07a61
d14f6ca78feed66a,59e5248dd0280be5
d14f6ca78feed669,47ee9b12af7dbf1e
d14f6ca78feed668,866ac81716829bcb
d14f6ca78feed667,3a0a56f7af85b582
d14f6ca78feed666,8c7f419cf4abb539
d14f6ca78feed665,0a86299327856af7
d14f6ca78feed664,ff5a3f03a2c2c9b1
d14f6ca78feed663,e8c1884ed197b5e8
d14f6ca78feed662,a19648890ce7e569
d14f6ca78feed661,1dbb2577072e3036
d14f6ca78feed660,64d84843ee023bfe
d14f6ca78feed65f,c61132da10b6eb75
d14f6ca78feed65e,1783c4477299a91c
d14f6ca78feed65d,84104f647fe26b37
d14f6ca78feed65c,77914cab68136f82
d14f6ca78feed65b,d301bf67af59d2e7
d14f6ca78feed65a,377eb98349c5f5b3
d14f6ca78feed659,4b8635c75fb1aead
d14f6ca78feed658,73d9419d9a52be21
d14f6ca78feed657,9ea54f1135f0a998
d14f6ca78feed656,2e86ef219eb3a445
d14f6ca78feed655,c67b98ea9fade8a3
d14f6ca78feed654,c1d69f5ec0ee9ccb
d14f6ca78feed653,752594fee95f77f1
d14f6ca78feed652,2005ef269ebb5187
d14f6ca78feed651,2345504fcaacdaf4
d14f6ca78feed650,82b3a011872611d7
d14f6ca78feed64f,e2a1a86850a7dada
d14f6ca78feed64e,3378dc8a19de70fb
d14f6ca78feed64d,2f0bf4dd9f20f808
d14f6ca78feed64c,27a0f4f911a5b993
d14f6ca78feed64b,a128064130dcc19a
d14f6ca78feed64a,ba78ed41e5a4032e
d14f6ca78feed649,f1496ca25320d1fe
d14f6ca78feed648,80be3c5d13040568
d14f6ca78feed647,64695c4eed6d054e
d14f6ca78feed646,451adc52d1150785
d14f6ca78feed645,5f180aaa8128a894
d14f6ca78feed644,99657affc40a6610
d14f6ca78feed643,edbec43a5cf3d99b
d14f6ca78feed642,8f3a8f044cb24e2d
d14f6ca78feed641,2e679cda495279dd
d14f6ca78feed640,29a61db1ac1e5d8c
d14f6ca78feed63f,2cec450265fb6b9d
d14f6ca78feed63e,12754cdce9050cb0
d14f6ca78feed63d,567a382a7a5e7d3c
d14f6ca78feed63c,e1ff3dd476ad420b
d14f6ca78feed63b,e7ccdac0135523cd
d14f6ca78feed63a,66c928eb662346f0
d14f6ca78feed639,00a20f2b95677d85
d14f6ca78feed638,ac34105f61abee8d
d14f6ca78feed637,c00cd28f8a16c9c8
d14f6ca78feed636,c97f501745651fd5
d14f6ca78feed635,1926630e6efa0606
d14f6ca78feed634,77622feda4cabcd9
d14f6ca78feed633,19532872dc8cbe49
d14f6ca78feed632,26ba14ff576fa3ef
d14f6ca78feed631,458c3d5dc1ffa910
d14f6ca78feed630,5f4598e0eaf63d24
d14f6ca78feed62f,ecc0256d35617d8e
d14f6ca78feed62e,8efcb0b5e2a6f835
d14f6ca78feed62d,7fa0961dd5bcd366
d14f6ca78feed62c,9d5ca88cafdc44c6
d14f6ca78feed62b,1b24b4187e9a7003
d14f6ca78feed62a,0f93594396c7902d
d14f6ca78feed629,e80035261b773451
d14f6ca78feed628,5671edf780856baf
d14f6ca78feed627,046b2d6c5f281eea
d14f6ca78feed626,8b202b406d3a0af0
d14f6ca78feed625,879258573d32e5f4
d14f6ca78feed624,88c42b94e0df2fa3
d14f6ca78feed623,4239f221a5c21eb4
d14f6ca78feed622,385cccb079c754a3
d14f6ca78feed621,67397f2eaf9f7f11
d14f6ca78feed620,9879889ed1794720
d14f6ca78feed61f,185d7bb21123b49b
d14f6ca78feed61e,ccea8bb856c04100
d14f6ca78feed61d,b694a97326735a81
d14f6ca78feed61c,8990482d882168f6
d14f6ca78feed61b,f8283fe3149cb474
d14f6ca78feed61a,f48e0d81ee111194
d14f6ca78feed619,9fac5a1aae5588b2
d14f6ca78feed618,118530c4fb4d25a0
d14f6ca78feed617,5b2132e180de6a94
d14f6ca78feed616,e551d9345bb2a0fc
d14f6ca78feed615,85f162a927c40813
d14f6ca78feed614,7fccc9b14d1425c1
d14f6ca78feed613,5dbdcba907e58705
d14f6ca78feed612,7c86424e346c2344
d14f6ca78feed611,2c1e4141bc5ed4ef
d14f6ca78feed610,b7b1754dc385f799
d14f6ca78feed60f,363049ad7615528e
d14f6ca78feed60e,9e5346ac0cfb788f
d14f6ca78feed60d,3e30aa38c69bd71b
d14f6ca78feed60c,4a8cbc9ecfbce58a
d14f6ca78feed60b,fb5a4414df918bba
d14f6ca78feed60a,e986ecbd5159babd
d14f6ca78feed609,0e6fdecb82b21c10
d14f6ca78feed608,c29d247754e205e7
d14f6ca78feed607,8d2fe1132c8ff0c3
d14f6ca78feed606,a3ce2ad081607f93
d14f6ca78feed605,4161d9a7b8ad870f
d14f6ca78feed604,9ee89abb4fdfb0c2
d14f6ca78feed603,caf3af6e2daeef74
d14f6ca78feed602,2c203655aad8e848
d14f6ca78feed601,1390447fcd049649
d14f6ca78feed600,707302646b3e2b50
d14f6ca78feed5ff,07d04e45830c30b1
d14f6ca78feed5fe,521534d7ab223762
d14f6ca78feed5fd,db454c451e034ad0
d14f6ca78feed5fc,37ef4293c4a98bf1
d14f6ca78feed5fb,663dc0a928a2a2d1
d14f6ca78feed5fa,cbd5c6ccc0cf0c88
d14f6ca78feed5f9,429b50e1f0af2353
d14f6ca78feed5f8,e62132eb2bbfd805
d14f6ca78feed5f7,12b9263601cc6e87
d14f6ca78feed5f6,c7a7c11315baebba
d14f6ca78feed5f5,a678187b88976bce
d14f6ca78feed5f4,d7e8398a39198065
d14f6ca78feed5f3,7af60ecb519c8292
d14f6ca78feed5f2,3b6aa1fedb8c9dbc
d14f6ca78feed5f1,f137dc7cf7d20a70
d14f6ca78feed5f0,ccbe1acc6fb810ff
d14f6ca78feed5ef,adbda88df61d0baa
d14f6ca78feed5ee,b57b65608148cc3b
d14f6ca78feed5ed,903e195ebc96e8a4
d14f6ca78feed5ec,d5758ef955589acf
d14f6ca78feed5eb,264f5f77fab85a06
d14f6ca78feed5ea,44f2fee1365826c0
d14f6ca78feed5e9,b653f964310e4893
d14f6ca78feed5e8,d4838876bd226731
d14f6ca78feed5e7,55c8844d73ba91e8
d14f6ca78feed5e6,ad8f051ac86f4424
d14f6ca78feed5e5,ebdc60144743d944
d14f6ca78feed5e4,6f2b977cefb245bd
d14f6ca78feed5e3,e69bbde0201b7a34
d14f6ca78feed5e2,b8dd0cbe10645fdf
d14f6ca78feed5e1,97b0a284759167eb
d14f6ca78feed5e0,db3386e6d470c35a
d14f6ca78feed5df,b38b62df802b0023
d14f6ca78feed5de,79e342c37d6a48ab
d14f6ca78feed5dd,ced7961240ca52ab
d14f6ca78feed5dc,cf8c57cd485caeda
d14f6ca78feed5db,1cbfd5eeec7a2b0c
d14f6ca78feed5da,0a4e33f557c0b01a
d14f6ca78feed5d9,60ece23394db4f4c
d14f6ca78feed5d8,c9761f7318591f38
d14f6ca78feed5d7,8063d84d3ca6f9ae
d14f6ca78feed5d6,5a8af5b2db3accbe
d14f6ca78feed5d5,5f5c5d303e62c974
d14f6ca78feed5d4,73e3c17057bc2a02
d14f6ca78feed5d3,3267d4e246a1f6de
d14f6ca78feed5d2,397424a487283f47
d14f6ca78feed5d1,6aeae86ab8954d62
d14f6ca78feed5d0,8bc0c247e7906096
d14f6ca78feed5cf,3dea3abdc9f6be23
d14f6ca78feed5ce,c9bd4f09e95738ff
d14f6ca78feed5cd,c34f485370de011e
d14f6ca78feed5cc,f6f7f1828e47ca6b
d14f6ca78feed5cb,89cc4030d15ecca9
d14f6ca78feed5ca,d6b99923c7b20bcb
d14f6ca78feed5c9,7a88e0e2d4a4b8db
d14f6ca78feed5c8,f4057a10d90ac356
d14f6ca78feed5c7,b034d9882b1e0f00
d14f6ca78feed5c6,9636baf831586dcb
d14f6ca78feed5c5,d07d34adb0959196
d14f6ca78feed5c4,c09d90a359e3d31f
d14f6ca78feed5c3,01e108eb5d94268e
d14f6ca78feed5c2,412fb2a4bc02013d
d14f6ca78feed5c1,b0f1ea338acf426a
d14f6ca78feed5c0,c08d2f873da3d9c9
d14f6ca78feed5bf,29bccdf8d4b5f7f6
d14f6ca78feed5be,8b6ca9659edf02b1
d14f6ca78feed5bd,d7701df8c1e38cac
d14f6ca78feed5bc,d8986246508416bb
d14f6ca78feed5bb,fb75ed486297312c
d14f6ca78feed5ba,45691bc20449c8a3
d14f6ca78feed5b9,893106ae12ff5aca
d14f6ca78feed5b8,b22c7b8ec0decca7
d14f6ca78feed5b7,bef0844787eb1318
d14f6ca78feed5b6,1bdb5bb18e0c5bbc
d14f6ca78feed5b5,988eb136ce69568b
d14f6ca78feed5b4,6e43666b9aea0645
d14f6ca78feed5b3,eb02dbe47a8df928
d14f6ca78feed5b2,f8df1240597f1a4c
d14f6ca78feed5b1,0d503027bd5b160a
d14f6ca78feed5b0,e8e64b54fd2b5451
d14f6ca78feed5af,aa9525253bddd028
d14f6ca78feed5ae,4e8b307c684716fe
d14f6ca78feed5ad,96e7b5c7688c6b7a
d14f6ca78feed5ac,45aa5e73a95e37ad
d14f6ca78feed5ab,f7c0709f5f6f0abe
d14f6ca78feed5aa,d2268e13ce8a4181
d14f6ca78feed5a9,f90b7fc72f746217
d14f6ca78feed5a8,1023af9038c5d3f7
d14f6ca78feed5a7,815ffecad8f92512
d14f6ca78feed5a6,1247653b66174055
d14f6ca78feed5a5,e918867367b68800
d14f6ca78feed5a4,119ad4396d63d121
d14f6ca78feed5a3,edc99831cdb18bfd
d14f6ca78feed5a2,adf826af032ccad2
d14f6ca78feed5a1,9dcd0ad4845854e7
d14f6ca78feed5a0,71325d016261f0a8
d14f6ca78feed59f,94f4b48dd434ba57
d14f6ca78feed59e,ac50434980b5712c
d14f6ca78feed59d,30b2bc4b4e7ff0a5
d14f6ca78feed59c,c25bd6b1ab5545b5
d14f6ca78feed59b,a217fd103d22839d
d14f6ca78feed59a,404ede699d3f9ac0
d14f6ca78feed599,3d479ab3fc5e3a83
d14f6ca78feed598,29fb8e25b0c7055b
d14f6ca78feed597,c9bede1ee559ac2e
d14f6ca78feed596,064723f06d7a7c9f
d14f6ca78feed595,7eaf1120404fdf3d
d14f6ca78feed594,78e76c2cb3446a56
d14f6ca78feed593,75fc4a1ba6b816c9
d14f6ca78feed592,4702f94e4d781e90
d14f6ca78feed591,8601ff4f8ce17e88
d14f6ca78feed590,6935e51bd9d4bc56
d14f6ca78feed58f,bc04ea075658e792
d14f6ca78feed58e,8a2d549b235ed0ee
d14f6ca78feed58d,78fbde116eea5f2b
d14f6ca78feed58c,9e3e1eebeeb8e554
d14f6ca78feed58b,8e0d83535f24afc7
d14f6ca78feed58a,6a016b3bdb8d64bd
d14f6ca78feed589,be61fa95da59f047
d14f6ca78feed588,0b6f7f668ba4cd80
d14f6ca78feed587,578a3794a7746f7d
d14f6ca78feed586,4605772c578ff511
d14f6ca78feed585,02951022b74f9eeb
d14f6ca78feed584,51b37e9071e5e92f
d14f6ca78feed583,5ce1a66aabcf3db2
d14f6ca78feed582,e59d88faec29f488
d14f6ca78feed581,dc3b8582c21d4a78
d14f6ca78feed580,12f7b1a7ab163c0d
d14f6ca78feed57f,6b347ad9c6eda88b
d14f6ca78feed57e,d0c886e1c83897d9
d14f6ca78feed57d,97a5816d5bd97433
d14f6ca78feed57c,7b17ad5c0b45667f
d14f6ca78feed57b,5ab4ecc9e39263d3
d14f6ca78feed57a,2ab77e25f24571e5
d14f6ca78feed579,5ecfb33af6336729
d14f6ca78feed578,1b2763365609ce1c
d14f6ca78feed577,7669b60076a7b3bd
d14f6ca78feed576,a0b982b0ea15b6f9
d14f6ca78feed575,2a6bd7b1b71d3e3a
d14f6ca78feed574,959c9b94f8b45a6a
d14f6ca78feed573,0e2e833d94f15a66
d14f6ca78feed572,e2684e993a24dca4
d14f6ca78feed571,c13ad53e8ead550f
d14f6ca78feed570,11f20b6e38426fcf
d14f6ca78feed56f,2f8304dbb66d2799
d14f6ca78feed56e,18020ce53284024e
d14f6ca78feed56d,84cbf8aa668b741e
d14f6ca78feed56c,5fad4c2afd703f4f
d14f6ca78feed56b,eb5c958130db6760
d14f6ca78feed56a,d676ae44242a05bb
d14f6ca78feed569,433170d9905fc999
d14f6ca78feed568,9cdc52deaf43b135
d14f6ca78feed567,3262513fcad9a35b
d14f6ca78feed566,82895080603671ae
d14f6ca78feed565,17dc698da77a542b
d14f6ca78feed564,bfb8d717d2327bfb
d14f6ca78feed563,838f4f67fa989b32
d14f6ca78feed562,d4c93c9f8b1d98d3
d14f6ca78feed561,235a4b17470e4936
d14f6ca78feed560,810998ab17503330
d14f6ca78feed55f,baf9dd78867d2672
d14f6ca78feed55e,671b43f787f139ed
d14f6ca78feed55d,43a4aa77711eb498
d14f6ca78feed55c,c3d7c7378404a4b7
d14f6ca78feed55b,34680d52e749555e
d14f6ca78feed55a,6a0c7403a2994504
d14f6ca78feed559,bc054de57cba0739
d14f6ca78feed558,d88d793624cbcf1e
d14f6ca78feed557,f7d939bbd64c00b3
d14f6ca78feed556,a061f41a46b346ff
d14f6ca78feed555,86fa4b1bf1244f50
d14f6ca78feed554,f0678788e2cc8093
d14f6ca78feed553,082cf9112a5606cb
d14f6ca78feed552,d11a015550cfe163
d14f6ca78feed551,09cc68103d45d470
d14f6ca78feed550,a615502bfabd966a
d14f6ca78feed54f,974ff12e7f168693
d14f6ca78feed54e,7a4ab8d1d11643ba
d14f6ca78feed54d,4516bc87226d82ae
d14f6ca78feed54c,e431488718ec2781
d14f6ca78feed54b,7482c35da6f21384
d14f6ca78feed54a,89081ce18a6c02d4
d14f6ca78feed549,05922294faf8b61e
d14f6ca78feed548,451d4bfd4ae86bb7
d14f6ca78feed547,8f853f1592e4c898
d14f6ca78feed546,e963efccb1b5bb2d
d14f6ca78feed545,13b444cb9b2417cb
d14f6ca78feed544,b99698f3e4d8d8a8
d14f6ca78feed543,92ac7cf17e49e015
d14f6ca78feed542,15f4fe70a0f34546
d14f6ca78feed541,5c849f4bca220bef
d14f6ca78feed540,519fcfa2bb452307
d14f6ca78feed53f,a8f834e0c6ca1ce3
d14f6ca78feed53e,b1c57cdb8a96e502
d14f6ca78feed53d,d6df9d86c12fbae3
d14f6ca78feed53c,49356f876acc9b87
d14f6ca78feed53b,398255fb39a138e2
d14f6ca78feed53a,573c09cb8c60e250
d14f6ca78feed539,64465c5fe15f61ad
d14f6ca78feed538,a5f856565ea09b2c
d14f6ca78feed537,08bf38925e22c836
d14f6ca78feed536,67c3f46182ecbba6
d14f6ca78feed535,e8d99985ab1bc080
d14f6ca78feed534,ca7357e261a7dd54
d14f6ca78feed533,032927e8381dbb73
d14f6ca78feed532,99c94452d579aaca
d14f6ca78feed531,231eb97430ba5ad5
d14f6ca78feed530,650c80153b96a8a9
d14f6ca78feed52f,551de7fc125e9ea4
d14f6ca78feed52e,c380fe976582cac8
d14f6ca78feed52d,f181389e5afe246d
d14f6ca78feed52c,b27e4f6417920a1b
d14f6ca78feed52b,e2127615dc0a19f9
d14f6ca78feed52a,898ba04b4190b629
d14f6ca78feed529,0d028f53233e5bf1
d14f6ca78feed528,b09ab290926b1006
d14f6ca78feed527,a16c7cd58775a1b6
d14f6ca78feed526,9bc57f126b853bcd
d14f6ca78feed525,af5b539524690f41
d14f6ca78feed524,3ae278b90581ea3e
d14f6ca78feed523,0704831e1ccc9ed4
d14f6ca78feed522,4c3e28b160aee4b5
d14f6ca78feed521,39883ebb669bec4c
d14f6ca78feed520,31196bb37d9fabd9
d14f6ca78feed51f,56bfed6b56cae691
d14f6ca78feed51e,90c9fb5dcd4dcb0e
d14f6ca78feed51d,73c53dd2430221af
d14f6ca78feed51c,fceceb9f3a6f28ec
d14f6ca78feed51b,fe09c30391db6a2f
d14f6ca78feed51a,7c5bd53d18746012
d14f6ca78feed519,d63f40e56d5a7120
d14f6ca78feed518,fb054b0f2f78fc78
d14f6ca78feed517,dd83bac2e548a59c
d14f6ca78feed516,19b3d68661581da8
d14f6ca78feed515,ab6f7b25fe52458f
d14f6ca78feed514,5c6c2ace86598694
d14f6ca78feed513,52e1f17c43b6a6af
d14f6ca78feed512,910c5b88ff84e872
d14f6ca78feed511,33a623fba5d7d0e7
d14f6ca78feed510,6fa98fb32559cef4
d14f6ca78feed50f,2734b50664e37a9e
d14f6ca78feed50e,406f71cfd7bfe644
d14f6ca78feed50d,a598e5eb4450ede7
d14f6ca78feed50c,839858079c6cbe6a
d14f6ca78feed50b,0d905f7a25a34dc6
d14f6ca78feed50a,7a7b7a3f11265da4
d14f6ca78feed509,14a1fa827fafbb8c
d14f6ca78feed508,1224c6420a64eb80
d14f6ca78feed507,81439b74cc7da666
d14f6ca78feed506,3d4c84c15ee56a5f
d14f6ca78feed505,b8322b0e70b65f1c
d14f6ca78feed504,b634445351bf033d
d14f6ca78feed503,938714ff4e4c0763
d14f6ca78feed502,24a2af7ed43815c9
d14f6ca78feed501,cfc255726bd51157
d14f6ca78feed500,efeb559ef1078014
d14f6ca78feed4ff,a8a07ae1b9795c89
d14f6ca78feed4fe,50f715256c2819b4
d14f6ca78feed4fd,dfd0be77d63b4f2e
d14f6ca78feed4fc,bcd3f00ef365b9ab
d14f6ca78feed4fb,5a35511c87c9dde5
d14f6ca78feed4fa,2458c3d68fdfad21
d14f6ca78feed4f9,070b2ef6d1eca42d
d14f6ca78feed4f8,2a4048797e6ac873
d14f6ca78feed4f7,0ba7806fc30a4c77
d14f6ca78feed4f6,534d95b4014f1423
d14f6ca78feed4f5,4f545db396c4e0fd
d14f6ca78feed4f4,aa3b8d9ec9eef413
d14f6ca78feed4f3,64cc6c74b0884b53
d14f6ca78feed4f2,7b4bd2fc95b83cd9
d14f6ca78feed4f1,ee8ce46d50054688
d14f6ca78feed4f0,2f15845fd8b8b05c
d14f6ca78feed4ef,963153927b3061a0
d14f6ca78feed4ee,ddbb6e21c0737e0f
d14f6ca78feed4ed,7e003d824a346989
d14f6ca78feed4ec,648dab0ff8132967
d14f6ca78feed4eb,7f30612498f6a6e3
d14f6ca78feed4ea,bac95f1f8354de14
d14f6ca78feed4e9,10e0cba59acc4709
d14f6ca78feed4e8,f137673387182880
d14f6ca78feed4e7,997433fb09a1b77b
d14f6ca78feed4e6,3e522f4cb8891d14
d14f6ca78feed4e5,e3163885deecafa4
d14f6ca78feed4e4,01b926583b2c3633
d14f6ca78feed4e3,0d153b8177f7465e
d14f6ca78feed4e2,284d46dbbd0975e7
d14f6ca78feed4e1,eada9ca3214c7a72
d14f6ca78feed4e0,f31398fbcc00557f
d14f6ca78feed4df,24038f30cecc9822
d14f6ca78feed4de,e8328edf8e9e2314
d14f6ca78feed4dd,baa74fd070d191c1
d14f6ca78feed4dc,c1b0832723fc208a
d14f6ca78feed4db,33ac2a7163d9bbd0
d14f6ca78feed4da,52bf73107795166e
d14f6ca78feed4d9,28be106ada39e22a
d14f6ca78feed4d8,ae4168c750a5fe2e
d14f6ca78feed4d7,751082e209476f51
d14f6ca78feed4d6,a3a684ba45b80a55
d14f6ca78feed4d5,8c40bb87b37bb770
d14f6ca78feed4d4,ff45e81a2467e6ee
d14f6ca78feed4d3,3b5edced9e52f4bc
d14f6ca78feed4d2,827f673a981af977
d14f6ca78feed4d1,51c5ecfa90193b30
d14f6ca78feed4d0,459a6c7933734315
d14f6ca78feed4cf,5e94201dabcd08f0
d14f6ca78feed4ce,95bf1d946038dd86
d14f6ca78feed4cd,1c4b3f0e5337cd2f
d14f6ca78feed4cc,e2cbf46047f557e7
d14f6ca78feed4cb,138cbcbe9fa3cde6
d14f6ca78feed4ca,04588b22da2ecfa2
d14f6ca78feed4c9,9298b94c66d53b84
d14f6ca78feed4c8,b01fe3b58f8507af
d14f6ca78feed4c7,b02f4a900f6a665f
d14f6ca78feed4c6,92456f9a214d98e2
d14f6ca78feed4c5,443150601bee61a0
d14f6ca78feed4c4,0f0b0f0cccbfeeca
d14f6ca78feed4c3,bd12a374d9219e34
d14f6ca78feed4c2,fd3b688bb077ee3a
d14f6ca78feed4c1,76eb44758db875c2
d14f6ca78feed4c0,3f1e1d9480f7dd4a
d14f6ca78feed4bf,ea575578533a036f
d14f6ca78feed4be,50bb022622cae48a
d14f6ca78feed4bd,29be596f40eb1bee
d14f6ca78feed4bc,67a7eadb9cdb71a1
d14f6ca78feed4bb,798193f764f10e00
d14f6ca78feed4ba,3fa65ed405664f05
d14f6ca78feed4b9,9dfa2aecf174f3ee
d14f6ca78feed4b8,99cea3da96e8e4d9
d14f6ca78feed4b7,780b78c31f0eb3ca
d14f6ca78feed4b6,6071678836a3da2e
d14f6ca78feed4b5,9f674ac20d2ac0ca
d14f6ca78feed4b4,283b298854772881
d14f6ca78feed4b3,36a9642108ace85c
d14f6ca78feed4b2,ee8508b1f0dcfb6f
d14f6ca78feed4b1,6c8358d3704e9eb6
d14f6ca78feed4b0,8821ee07f6416b49
d14f6ca78feed4af,588b24a7d4c236f5
d14f6ca78feed4ae,c1b200643783d74f
d14f6ca78feed4ad,82df01e9446b913a
d14f6ca78feed4ac,cb369c205cbcf55a
d14f6ca78feed4ab,4707e01bb0750584
d14f6ca78feed4aa,f8362ac569c249fc
d14f6ca78feed4a9,53e419f8eb72ebde
d14f6ca78feed4a8,bacf125b573c7051
d14f6ca78feed4a7,44a4c25e57bbfa45
d14f6ca78feed4a6,3ccffd1e0c45cf62
d14f6ca78feed4a5,3a5c4811d6d1c67e
d14f6ca78feed4a4,2ea479f54ea2a5a3
d14f6ca78feed4a3,23ce556ff5731c3f
d14f6ca78feed4a2,c1cc0df714879340
d14f6ca78feed4a1,245007707a9e2e43
d14f6ca78feed4a0,cc61a85222af3f85
d14f6ca78feed49f,9e95fabdb1b2b1f2
d14f6ca78feed49e,4ef01238b8a90510
d14f6ca78feed49d,d5a6034a80e65a38
d14f6ca78feed49c,ab0eb2be9e01d12b
d14f6ca78feed49b,1760116a6fd78380
d14f6ca78feed49a,87b3e78bd67375e7
d14f6ca78feed499,17fd3aa90dcef68a
d14f6ca78feed498,c0c60165aafc735e
d14f6ca78feed497,74f52fe4ab21d88e
d14f6ca78feed496,c5d0ad3731a73dbe
d14f6ca78feed495,f59ca7b906ca07b3
d14f6ca78feed494,3b4171ba50c2e5ac
d14f6ca78feed493,7e669f4cbd2db839
d14f6ca78feed492,13b6b9cd6fb820c4
d14f6ca78feed491,e1dbb52e922d1b8b
d14f6ca78feed490,8b8033ec2621864f
d14f6ca78feed48f,89efb5b3362de014
d14f6ca78feed48e,994ac66af09009c8
d14f6ca78feed48d,5cbd7bc737050fe0
d14f6ca78feed48c,2da01f50c0ae6465
d14f6ca78feed48b,35852b9ed2b5f030
d14f6ca78feed48a,3ece16a40e9898e3
d14f6ca78feed489,bc9b597083ae19be
d14f6ca78feed488,bd1fb94b1e694d05
d14f6ca78feed487,e5f7acd933c58684
d14f6ca78feed486,0d8ea27d0611bc90
d14f6ca78feed485,76f306f791391240
d14f6ca78feed484,e0fb564b4db82594
d14f6ca78feed483,eb65035cf5054c69
d14f6ca78feed482,0c5db64fbb1c93ec
d14f6ca78feed481,a85eb34567c06b97
d14f6ca78feed480,2a6fc80f9d890715
d14f6ca78feed47f,4d475ca4f8f50a3a
d14f6ca78feed47e,8da3b56b5dc99e5b
d14f6ca78feed47d,e0a04b721774435a
d14f6ca78feed47c,10884b36f3db9294
d14f6ca78feed47b,5bfca95f10d1dfb7
d14f6ca78feed47a,d70ce7a28c7f68a8
d14f6ca78feed479,10cad67c5c17d808
d14f6ca78feed478,7ac1a4fe49e81105
d14f6ca78feed477,6e44a3b99a1f4e55
d14f6ca78feed476,bdbac8c35068f5ae
d14f6ca78feed475,5fa089c7a68a3b4c
d14f6ca78feed474,39bf42547b99b1c2
d14f6ca78feed473,e0635bae79a30e9a
d14f6ca78feed472,79ad4f567f065832
d14f6ca78feed471,4ce3e3531470f8fd
d14f6ca78feed470,d7944a9b55657f40
d14f6ca78feed46f,de4a12abe8ec918e
d14f6ca78feed46e,eafa4d032e174eec
d14f6ca78feed46d,729a40f72624c8fa
d14f6ca78feed46c,6ccac8ee85eb88bf
d14f6ca78feed46b,3057953bd1b907ce
d14f6ca78feed46a,f5f782aa863848de
d14f6ca78feed469,6607dc07355903b0
d14f6ca78feed468,1fba5f4c6cd59ed9
d14f6ca78feed467,7ebfaf06aae0f784
d14f6ca78feed466,e2b963d5da7d9ff5
d14f6ca78feed465,ca9071abc790c0ca
d14f6ca78feed464,bcb8d00f243b7b9e
d14f6ca78feed463,6032e14ce0cb7568
d14f6ca78feed462,ac6e215f4bd3ff7c
d14f6ca78feed461,8800871478f9edbc
d14f6ca78feed460,22beac4cfe11456a
d14f6ca78feed45f,fbed73e6de7a6320
d14f6ca78feed45e,16d5b84997e7cd97
d14f6ca78feed45d,8eec3edf08078f8d
d14f6ca78feed45c,d818af790b80acaf
d14f6ca78feed45b,f6aea02debd97846
d14f6ca78feed45a,54e916d09d047e37
d14f6ca78feed459,3ac9ff8a2d91da7e
d14f6ca78feed458,259afe9ef4f7389d
d14f6ca78feed457,19d421f2fc510c8f
d14f6ca78feed456,d90f3fefbe36347b
d14f6ca78feed455,5b74ce0490474f48
d14f6ca78feed454,fd91b997303e85ea
d14f6ca78feed453,eb1cd61a37780e06
d14f6ca78feed452,e1a80cd2442dc21a
d14f6ca78feed451,433812aded595344
d14f6ca78feed450,0c8488613573da18
d14f6ca78feed44f,01fd8d4c6c11f27d
d14f6ca78feed44e,d3a89aa10b0d589f
d14f6ca78feed44d,dc567d67d472f04f
d14f6ca78feed44c,cdccb4d1141ef5f5
d14f6ca78feed44b,8ac6283675b3dd90
d14f6ca78feed44a,a3cd6fe38f2888a4
d14f6ca78feed449,effc11c51d223deb
d14f6ca78feed448,985e5548c5b373f7
d14f6ca78feed447,57cdf0d9764e92a9
d14f6ca78feed446,4d08745ba50e9d29
d14f6ca78feed445,3f5e64ab4588ad0e
d14f6ca78feed444,8a3476c7ddfb8a92
d14f6ca78feed443,2a9084676281b196
d14f6ca78feed442,a3e873e2b9cf76bd
d14f6ca78feed441,3c09f4cde67fc155
d14f6ca78feed440,d7d4dd7d42bd57f5
d14f6ca78feed43f,3994e5f1ede55fb0
d14f6ca78feed43e,e6ce67e5d80cee79
d14f6ca78feed43d,0e3627c4ccb7ce73
d14f6ca78feed43c,6b510fe2c01e2cda
d14f6ca78feed43b,f0d5b6619caa36e9
d14f6ca78feed43a,253c69cc68f52b0b
d14f6ca78feed439,a6e868bf9afd5a31
d14f6ca78feed438,83ffcdfeded1a26d
d14f6ca78feed437,c002351455d764ca
d14f6ca78feed436,b299eea3a920bbd7
d14f6ca78feed435,8058c1c1e6e7723c
d14f6ca78feed434,8e26092278d122d0
d14f6ca78feed433,9ac2a81dc434d547
d14f6ca78feed432,8151051bb825d5dd
d14f6ca78feed431,00082c512622ed08
d14f6ca78feed430,2853c0bd6b38f45c
d14f6ca78feed42f,ea204c676232835b
d14f6ca78feed42e,2a3a54ecd81ffee2
d14f6ca78feed42d,218bb011ef8b24b7
d14f6ca78feed42c,3a92512c104d1ae3
d14f6ca78feed42b,f1ce1afef4daffd7
d14f6ca78feed42a,b016077a9a12f18f
d14f6ca78feed429,0127b1b043511d06
d14f6ca78feed428,b2397f19607c8a3a
d14f6ca78feed427,f05ec2515d8231d4
d14f6ca78feed426,40afd977ff703732
d14f6ca78feed425,ad54a04e77b4f65e
d14f6ca78feed424,5111f0a8662b96ef
d14f6ca78feed423,63ca05e80509eb2e
d14f6ca78feed422,3aa7487cfed1997a
d14f6ca78feed421,c51b2c88d814b8fa
d14f6ca78feed420,78489c3f7bfda809
d14f6ca78feed41f,4941a0d155821e8c
d14f6ca78feed41e,b6fd611470d01157
d14f6ca78feed41d,def28110690e95a5
d14f6ca78feed41c,90ffef9744c3249a
d14f6ca78feed41b,29e55142b1f40264
d14f6ca78feed41a,f6bcb073e0e450dd
d14f6ca78feed419,0b70e91f40c6bb2b
d14f6ca78feed418,f4067996cc26f209
d14f6ca78feed417,08ab9be95b5f40b8
d14f6ca78feed416,d254a59ffcdb9d82
d14f6ca78feed415,6a5e0543fb60244d
d14f6ca78feed414,84c57d92e19c2718
d14f6ca78feed413,e76b898d19073075
d14f6ca78feed412,5828e4e2c7a7d405
d14f6ca78feed411,4032ebadc414b757
d14f6ca78feed410,b3eb23b601b1fd43
d14f6ca78feed40f,634b4b5450ba9230
d14f6ca78feed40e,6a517410f365cde4
d14f6ca78feed40d,81af21da8fe2099d
d14f6ca78feed40c,919406f894ecb8be
d14f6ca78feed40b,489d8afae4d0f073
d14f6ca78feed40a,329e02d22cb2f8e4
d14f6ca78feed409,e2bdf363ad1d8050
d14f6ca78feed408,893070cd725c7d79
d14f6ca78feed407,c84632bef202f49a
d14f6ca78feed406,827ef5de928f485a
d14f6ca78feed405,458502a9f32337c6
d14f6ca78feed404,8a5dc8805d9655ae
d14f6ca78feed403,95497d6626693135
d14f6ca78feed402,b715a521abedfbcd
d14f6ca78feed401,1f52f64230e3a427
d14f6ca78feed400,914398ec40d9a9d0
d14f6ca78feed3ff,d77934c5a9232ded
d14f6ca78feed3fe,2ab594c7b20f24ae
d14f6ca78feed3fd,588d8f6de2d35bae
d14f6ca78feed3fc,cd659ab242ab8a06
d14f6ca78feed3fb,366fdf60e0e24b54
d14f6ca78feed3fa,ffd8177de5b0b1d9
d14f6ca78feed3f9,9c5246df3ec263aa
d14f6ca78feed3f8,af67d1b5981846e9
d14f6ca78feed3f7,886c2a82854515e7
d14f6ca78feed3f6,fff4a1eaff9b32b5
d14f6ca78feed3f5,dd0e8fab46175b8f
d14f6ca78feed3f4,5920289b3584716a
d14f6ca78feed3f3,06d7ac513135ecd4
d14f6ca78feed3f2,eac8acc1996deda5
d14f6ca78feed3f1,322d657b87e83305
d14f6ca78feed3f0,216a91981b995dd1
d14f6ca78feed3ef,40ccd97e35e45287
d14f6ca78feed3ee,c748e0b1c287e887
d14f6ca78feed3ed,57c170b0e3214efd
d14f6ca78feed3ec,83de8b7694853c82
d14f6ca78feed3eb,4ea9fdb9ee292a66
d14f6ca78feed3ea,6ce871c8e18bf480
d14f6ca78feed3e9,5e854a3e888a2ea6
d14f6ca78feed3e8,b2599fbcc86340a5
d14f6ca78feed3e7,b5077da455659d5e
d14f6ca78feed3e6,edf0185ab182e5bc
d14f6ca78feed3e5,9bd8e7cfccc844a7
d14f6ca78feed3e4,392da05bf131df37
d14f6ca78feed3e3,3ed1ab6d90951f5f
d14f6ca78feed3e2,70b3df878815201d
d14f6ca78feed3e1,08ae4ef34bb178c9
d14f6ca78feed3e0,656ebb88ade27ba0
d14f6ca78feed3df,8e09ebb82bd97db0
d14f6ca78feed3de,eedafeeb5685c3a3
d14f6ca78feed3dd,6269c87921566047
d14f6ca78feed3dc,5a12e605f10d5f3b
d14f6ca78feed3db,67669625daa98631
d14f6ca78feed3da,d011faf7a1a98ae0
d14f6ca78feed3d9,562d0c894cafe576
d14f6ca78feed3d8,68209e3a2ba5e3ac
d14f6ca78feed3d7,18b8ad673980c749
d14f6ca78feed3d6,0b407bdbbbf1e242
d14f6ca78feed3d5,96dd2e807da5679f
d14f6ca78feed3d4,f485275e2f9d1664
d14f6ca78feed3d3,ee09cfaf8ddb5526
d14f6ca78feed3d2,6748c7e528174da2
d14f6ca78feed3d1,8ad11362d7b47528
d14f6ca78feed3d0,464e7e5672f1571f
d14f6ca78feed3cf,1b4d461dfa777c35
d14f6ca78feed3ce,a4e7ca3e962fcc3f
d14f6ca78feed3cd,0ccd9624f748a9f7
d14f6ca78feed3cc,d369c5d77afa28b6
d14f6ca78feed3cb,1d6feac03989e66e
d14f6ca78feed3ca,919074f3fc37cb16
d14f6ca78feed3c9,9ad203d434af2588
d14f6ca78feed3c8,432d7e459e2e1857
d14f6ca78feed3c7,536e9f798fb3ccf7
d14f6ca78feed3c6,f0a2995d84a45bc3
d14f6ca78feed3c5,6ba415c1ac0b285a
d14f6ca78feed3c4,4f944730b1513ba2
d14f6ca78feed3c3,b728ffe214403432
d14f6ca78feed3c2,eb2e3df6b2cd9a17
d14f6ca78feed3c1,63f83bc674160484
d14f6ca78feed3c0,a2d3a884e7c50fae
d14f6ca78feed3bf,a71984c8d1c40a88
d14f6ca78feed3be,8af92c326c3fd3fc
d14f6ca78feed3bd,c37abfca01cc9e91
d14f6ca78feed3bc,39d668429dad150d
d14f6ca78feed3bb,d011b8c0fe44b52e
d14f6ca78feed3ba,0287f460d10fc3d7
d14f6ca78feed3b9,766cd73ff4d0f922
d14f6ca78feed3b8,865eff1ebfadfa84
d14f6ca78feed3b7,f16f30480d53845e
d14f6ca78feed3b6,fc4652a30f5f20fd
d14f6ca78feed3b5,c20d5d6c01f8f1fc
d14f6ca78feed3b4,66b7dada54872acb
d14f6ca78feed3b3,7a43167f185a917c
d14f6ca78feed3b2,0613b72e1f949c40
d14f6ca78feed3b1,06e4b9b8530f4d35
d14f6ca78feed3b0,be37f6b9b4a0a4e2
d14f6ca78feed3af,98b0809405834db8
d14f6ca78feed3ae,329b2256e3d2d270
d14f6ca78feed3ad,dc664598d3202058
d14f6ca78feed3ac,129a74bb4ae2996a
d14f6ca78feed3ab,17ef8e68cc356fe7
d14f6ca78feed3aa,05ce1a3e6b0e1895
d14f6ca78feed3a9,90e2748e36db9522
d14f6ca78feed3a8,92b7b7ce4d28b3ac
d14f6ca78feed3a7,8ade857858e2ddd2
d14f6ca78feed3a6,10d5f429a02fec22
d14f6ca78feed3a5,82521d3aef41c429
d14f6ca78feed3a4,bf8906c7523d98ce
d14f6ca78feed3a3,1cc4b53224f6282c
d14f6ca78feed3a2,431f918e214f29f2
d14f6ca78feed3a1,4217b9dea4332ce8
d14f6ca78feed3a0,a0ae1d593b3f434b
d14f6ca78feed39f,0fa7c804f9b841ce
d14f6ca78feed39e,24b98393028ff8e2
d14f6ca78feed39d,f793ab79f619b76b
d14f6ca78feed39c,eeb93d1314192935
d14f6ca78feed39b,9784a97f13792809
